uid,plays_per_hour,total_events,completion_variance,avg_interval_seconds,avg_completion_rate,behavior_diversity,is_anomaly,anomaly_score
1,0.13665957583961838,53,390.0567669724906,26849.423076923078,60.659322807386324,5,False,-0.4012835499475601
2,0.09687343180677678,37,554.5365555455168,38194.166666666664,60.52136065527416,5,False,-0.537263328199357
3,0.10382813489216225,41,323.22566576176536,35539.5,55.5961176170487,4,False,-0.4983902585235538
4,0.1011721159777915,41,446.79597626685137,36472.5,65.8454479420474,5,False,-0.4800554593896217
5,0.10467805412423418,43,541.0387894075669,35210.0,60.493726726206106,5,False,-0.45196927514208424
6,0.10395098246355376,41,513.00825673367,35497.5,59.64187372247998,5,False,-0.44794300332595327
7,0.11614651667993031,45,438.03106694441044,31699.772727272728,56.711768101453124,5,False,-0.4055824887792726
8,0.13009486083602628,52,315.7064679199178,28214.70588235294,60.65405644711294,5,False,-0.40315027952121624
9,0.11203530809709726,44,454.5562006839261,32880.0,60.1555697577149,5,False,-0.42156905301984854
10,0.14915138007886164,58,444.6808407779708,24560.0,56.80014896308484,5,False,-0.45794254816047614
11,0.10898952348766475,43,398.7813304927782,33817.142857142855,58.7051505649941,5,False,-0.40281415334549364
12,0.1454485691394293,59,442.15181738830944,25177.758620689656,54.41130454412304,5,False,-0.48430831226169874
13,0.1711344341199278,64,428.6726723757177,21370.0,55.84343593604294,4,True,-0.6374985751050295
14,0.12132977432661975,50,368.52921542156656,30276.73469387755,54.75582599002227,5,False,-0.4285635431795927
15,0.10569361434413338,42,423.28137783508413,34891.46341463415,58.0325473711,5,False,-0.4192153069508753
16,0.1522749135266788,62,359.0933390927961,24029.016393442624,58.882574518330635,5,False,-0.45877699476519823
17,0.16262228433490025,64,408.0141294839515,22488.571428571428,52.31919546293935,4,True,-0.6463140836130165
18,0.11697806661251016,48,383.3553922775639,31429.787234042553,64.5890428972929,5,False,-0.4180664287721244
19,0.16388620414337943,65,318.23571329634126,22309.6875,59.037604466209295,5,False,-0.5444340177462089
20,0.0879729564615322,36,285.6154659306352,42090.857142857145,64.58330216255536,5,True,-0.6060005994211369
21,0.14470537739898215,59,395.98759815346574,25307.068965517243,57.55473647942364,5,False,-0.4397372144211485
22,0.1209823769004315,50,315.5609643024934,30363.673469387755,63.1804684020414,5,False,-0.4225592422593899
23,0.13604014023891,54,327.1352249575451,26962.075471698114,59.01683433377726,5,False,-0.41383756312059844
24,0.10962479608482871,42,348.5933122447528,33640.243902439026,58.57978378501587,4,False,-0.45227620733829454
25,0.12455986811308083,51,403.1218443661905,29479.8,60.81927288163364,5,False,-0.3961047510687708
26,0.137948652446034,54,316.0492772193179,26589.056603773584,64.6544423621863,5,False,-0.44328424587041876
27,0.13826282064239656,57,323.2729323094075,26502.321428571428,56.324087509811875,5,False,-0.44281635800096586
28,0.11872791519434629,49,515.1187306679271,30953.125,59.67914427785255,5,False,-0.4114805049916963
29,0.12339839170762808,50,487.32895228167666,29769.183673469386,66.00008412622415,5,False,-0.4676163300281537
30,0.1278778056523766,48,432.8037815951536,28750.85106382979,54.81339909586025,5,False,-0.4422373365119759
31,0.14359189671460063,57,440.3855193220633,25518.75,57.9642489846342,5,False,-0.4283891064963344
32,0.1470191249454908,59,491.2386800215045,24908.793103448275,60.08433501382393,5,False,-0.4695052236663058
33,0.1062099911491674,43,342.49200873210646,34702.142857142855,58.49714011111936,5,False,-0.4165094062517418
34,0.10304641177673278,42,345.4896882395569,35787.80487804878,61.507408415107584,5,False,-0.41928082250590076
35,0.11917066942299508,49,376.56865916692374,30838.125,56.18482529670662,5,False,-0.4043514298704332
36,0.12161826756018863,49,397.73915433357763,30217.5,57.69665143671155,5,False,-0.39636671345545715
37,0.11090117473096196,45,352.5216823628835,33199.09090909091,65.468656730675,5,False,-0.4326969274744674
38,0.1238690873762827,51,314.93139673352533,29644.2,63.55749664999782,5,False,-0.41934499848188916
39,0.14377194794463954,58,377.7411145629396,25478.947368421053,59.82814217740999,5,False,-0.4223116327249593
40,0.10609861413825718,43,491.1490853333638,34738.57142857143,57.67941570802055,4,False,-0.48414236278851214
41,0.09382533718480551,36,320.361835347511,39465.42857142857,62.94941173487974,5,False,-0.5133258123871188
42,0.15229361554049906,62,332.12299812081596,24026.06557377049,59.8692807770859,5,False,-0.47254014969987995
43,0.13269171700624552,54,443.6144559235301,27642.45283018868,59.233893746360955,5,False,-0.4084362450913598
44,0.13813889237724478,55,426.34397919546836,26543.333333333332,54.31115796993261,3,True,-0.6017895838895132
45,0.09328151027207107,35,399.74368460352366,39727.94117647059,59.29354685957168,4,False,-0.5346874787420619
46,0.12477572989724352,51,455.8905638839203,29428.8,57.532771338157424,5,False,-0.40937824490331914
47,0.14472904188556593,59,259.8005020689669,25302.931034482757,63.608605213874306,5,False,-0.4836117659235312
48,0.10128041500267611,41,492.8913231894036,36433.5,58.14105779065372,5,False,-0.45515972969734836
49,0.12864598082446702,53,413.8239620244609,28521.923076923078,59.266040426850196,5,False,-0.4016097711124579
50,0.10532321060253652,40,542.6882992499806,35056.92307692308,62.06532374456162,5,False,-0.4757044804182711
51,0.127750177430802,51,377.2675853786879,28743.6,59.840852582512674,5,False,-0.39965175067962916
52,0.15307897483474428,55,409.96719949140044,23952.777777777777,60.88669331265523,5,False,-0.45106298867291217
53,0.13325381973719386,54,445.89678240924644,27525.849056603773,62.80478054537781,5,False,-0.4138313853707637
54,0.10205563276566616,41,338.93099338588144,36156.75,59.75538016086807,5,False,-0.4244010100448826
55,0.12677752657045663,50,418.3677253952797,28975.714285714286,56.22310254893561,5,False,-0.40686649317575707
56,0.11933372006298168,48,330.27753687338884,30809.36170212766,60.23335738591069,5,False,-0.3984633069875812
57,0.13776670637929167,53,392.6395779090529,26633.653846153848,57.96634689386287,5,False,-0.40781348757366387
58,0.12304086714515892,49,298.2140970674217,29868.125,58.614020516377686,3,False,-0.5405457763896911
59,0.13697258545767668,57,253.95703874669664,26751.964285714286,69.17173960153883,5,False,-0.5471981991572212
60,0.11455725741440027,45,412.49757177001806,32139.545454545456,63.82082912859867,5,False,-0.4099471052135808
61,0.10264541433697738,41,499.1510571602887,35949.0,51.93574941333893,5,False,-0.5280368092591687
62,0.11702701581109681,47,315.5480517193093,31430.869565217392,49.51105647574089,5,False,-0.5012824603048438
63,0.12405489226278556,51,471.5698715053579,29599.8,62.3978369155151,4,False,-0.4614082997586166
64,0.08727849775191748,33,484.6306789409272,42536.25,59.09986238451374,4,True,-0.6105162628652114
65,0.13216732383197127,50,415.65088315740576,27794.081632653062,58.83602386260655,5,False,-0.4007719815210923
66,0.14887041309363166,57,356.3309117541378,24613.928571428572,64.17004320433011,5,False,-0.46479363971955256
67,0.11309611075041365,45,271.66587880381496,32554.772727272728,61.30140215764125,4,False,-0.4703010424400935
68,0.1249280113409826,47,378.17326514130644,29443.043478260868,62.05950758544072,5,False,-0.4143783634747567
69,0.14418744367677983,56,314.6924040209875,25421.454545454544,65.82176731106398,5,False,-0.47883390239835655
70,0.10027310153670567,41,441.94027084525817,36799.5,62.73818820684942,5,False,-0.4482731237052514
71,0.12828481217214033,43,429.4692863974122,28730.714285714286,58.45196449045333,4,False,-0.4674748913159103
72,0.12181731546126913,49,329.0183031892499,30168.125,60.33676372662605,5,False,-0.39562110218332075
73,0.14895855249316223,59,496.35914669546344,24584.48275862069,60.556725936061596,5,False,-0.4698392138838625
74,0.13773314203730272,56,459.00186146827923,26612.727272727272,58.19129075268744,5,False,-0.42251541355386407
75,0.14232765011119347,56,230.21381829928532,25753.636363636364,59.97426552351399,5,False,-0.4811630381730832
76,0.12194347411876787,48,294.8163743276489,30150.0,52.37500711055523,5,False,-0.4992997652099371
77,0.164576802507837,63,407.14995654754944,22227.09677419355,60.9752663971321,5,False,-0.5241027769116556
78,0.12271475081392437,49,489.42980395618156,29947.5,54.570506415538446,5,False,-0.43602733071357286
79,0.1421199560104898,56,416.77219167083194,25791.272727272728,59.317052968079565,5,False,-0.4105367941986405
80,0.11309157959434542,46,302.1416650403348,32540.0,57.86481525054403,5,False,-0.4190060150076046
81,0.1139877523797975,47,378.14448705949604,32268.91304347826,55.08545036436623,5,False,-0.42609383629191094
82,0.13466054321398144,54,407.47056871927504,27238.30188679245,59.43850552320697,4,False,-0.45174938034194895
83,0.12408744028291936,50,372.94600224003887,29603.877551020407,63.447171982089344,5,False,-0.40574098328290487
84,0.1268767181222246,50,416.9994336990739,28953.061224489797,62.84310955678413,5,False,-0.40611433738697617
85,0.12012558583974153,44,295.0727462424807,30665.581395348836,61.62799876000942,5,False,-0.4212650017739545
86,0.11633778352285351,48,455.1375419009933,31602.76595744681,59.83011222596693,4,False,-0.4377091949386469
87,0.1517322768271095,60,409.93848492496073,24128.13559322034,61.3043308246307,5,False,-0.4446947168306355
88,0.11917791560257814,49,299.2833885724228,30836.25,59.766153348216136,4,False,-0.4441805861898766
89,0.1411349603057924,56,421.1038280372501,25971.272727272728,62.93843026175542,5,False,-0.4153272515627377
90,0.1331470370674776,54,483.8603019558019,27547.924528301886,66.37364413632604,4,False,-0.5222723783588573
91,0.10043996136924563,39,338.80148772683907,36785.52631578947,56.5035441299044,5,False,-0.46100591938339475
92,0.11918033119160062,49,310.80932221726385,30835.625,62.02589249818784,5,False,-0.40730049753068637
93,0.13297217434129524,54,435.79107621152394,27584.150943396227,61.415020374362314,5,False,-0.4020388857690027
94,0.09028401847478526,36,542.6020089965598,41013.42857142857,55.022168232482215,5,True,-0.596055553494471
95,0.1333920593972189,53,290.994297721643,27507.115384615383,62.6882844718299,5,False,-0.43044487867671233
96,0.11460619361131431,47,393.4838219668347,32094.782608695652,60.30309914037571,5,False,-0.4037464939621215
97,0.11364136898207286,43,463.1487968342539,32432.85714285714,56.30072302507949,5,False,-0.4190799725484526
98,0.10154589172566097,41,216.9876679129343,36338.25,56.56406348703671,5,False,-0.5224492956968876
99,0.11608456438058001,48,323.3614907162839,31671.702127659573,58.61518726131479,4,False,-0.4416825003846525
100,0.09233012067708755,38,414.55801842164607,40044.32432432433,60.33008779556008,4,False,-0.5341274747976767
101,0.12711022840119166,48,426.09921297567337,28924.468085106382,59.863504234440725,5,False,-0.40860964698910224
102,0.10392902408111533,41,406.5979810550415,35505.0,63.47574460297825,5,False,-0.43660432074581723
103,0.1344941459021315,56,318.25252171283137,27253.636363636364,65.80067923829249,5,False,-0.4596382394340475
104,0.14267493893080266,55,424.6258665376706,25699.444444444445,60.12755428111573,4,False,-0.47464278320777176
105,0.13384834651849709,54,317.90629087481364,27403.584905660377,65.57253894130747,5,False,-0.44716637028186385
106,0.1410477252001216,58,278.601133076248,25971.052631578947,61.284221781252285,5,False,-0.4476422535567999
107,0.13477737665463296,56,270.20435717838217,27196.363636363636,61.94507138593298,4,False,-0.49517721900676503
108,0.11254521906122995,42,395.82425388163085,32767.317073170732,58.45436352998404,5,False,-0.4089308624928337
109,0.12355212355212356,48,337.2590119260839,29757.44680851064,61.36963131037143,5,False,-0.39730739450823477
110,0.12839660283988322,48,512.8498492781531,28634.68085106383,57.61104793291866,4,False,-0.48087686940583446
111,0.15982073018624612,63,437.21456889969915,22888.548387096773,61.63646615862162,5,False,-0.5057829767852828
112,0.1604473076455573,66,357.5715218422505,22782.46153846154,65.7806124087349,5,False,-0.5490852317986572
113,0.1332794830371567,55,529.633084392469,27511.11111111111,56.50346683460327,5,False,-0.46449056169128383
114,0.13514077163712201,54,343.481704398092,27141.509433962263,62.885195690283986,5,False,-0.4116232893103586
115,0.13466364693640204,55,404.0041003865284,27228.333333333332,62.71485894594608,5,False,-0.40848652714059375
116,0.11511544247498201,44,464.2456903291832,32000.232558139534,59.18684328308018,5,False,-0.40896867176006174
117,0.1349086300641838,55,302.518469213009,27178.88888888889,59.23353147666993,5,False,-0.4206177707265218
118,0.1541630131120129,63,384.54697248556863,23728.548387096773,65.83529970736498,5,False,-0.502503109014924
119,0.13001349196614745,53,309.93164959883944,28221.923076923078,59.960698690509616,5,False,-0.4076179874578489
120,0.12138227158251104,49,422.28977825423175,30276.25,58.19863261506547,5,False,-0.396710464953175
121,0.12184287346109912,48,492.712062773308,30174.893617021276,63.34638725768787,5,False,-0.430851528152705
122,0.10587221469900283,43,264.6937149503119,34812.857142857145,57.42343977047394,5,False,-0.46129534053393245
123,0.12026507404074287,49,420.30887959635885,30557.5,60.269753910477604,5,False,-0.39607752745033475
124,0.11064213416383233,45,555.1263111022523,33276.818181818184,54.8642516644332,5,False,-0.4834314330026897
125,0.11817081427076709,48,414.96581609151644,31112.55319148936,64.32753827393026,5,False,-0.4131175716450339
126,0.12254151093682986,50,485.2732835418795,29977.34693877551,57.51050244116814,4,False,-0.4575155616863628
127,0.10073710073710074,41,597.7463721106396,36630.0,54.50636835029354,5,False,-0.5488680849797957
128,0.1384112071134972,55,391.3532791745672,26491.11111111111,60.39812147748666,4,False,-0.4665954277887305
129,0.1391996022868506,56,393.93363767286394,26332.363636363636,62.69910976333777,4,False,-0.4703246884337777
130,0.14094204365963306,58,352.23530121422425,25990.526315789473,62.42428178569416,4,False,-0.47588283415035776
131,0.11612584417723604,47,305.30038730898434,31674.782608695652,63.63871742930345,5,False,-0.42769407738744225
132,0.13548188442984707,55,444.83001019430577,27063.88888888889,57.902737399523524,5,False,-0.41428950110948665
133,0.16454557141020698,64,369.37506028883104,22225.714285714286,61.25135522887185,5,False,-0.5197357174793588
134,0.12292562999385372,50,370.9584009803584,29883.673469387755,60.858832755064014,5,False,-0.38919889895610044
135,0.09718172983479105,40,356.6631271895597,37993.846153846156,63.02400472035494,4,False,-0.4981081017651213
136,0.11777827347758198,44,280.85613488239926,31276.74418604651,62.39748719359515,5,False,-0.43438921315550105
137,0.12461576804851707,50,562.9375590925795,29478.367346938776,56.48048135382442,5,False,-0.4653856852812686
138,0.11871434886021595,47,369.9482907640091,30984.130434782608,59.41261246641344,5,False,-0.39048723932997575
139,0.10153358011634056,40,490.7103176737902,36365.38461538462,59.14369653551976,5,False,-0.455533566674625
140,0.10753584528176058,43,308.08674710323527,34274.28571428572,62.672202649863465,4,False,-0.4619033598469442
141,0.12938810210048313,52,472.05420820539143,28368.823529411766,59.502670794461544,5,False,-0.4074237223379641
142,0.1061186676211732,42,387.980002294424,34751.70731707317,56.811783071133384,3,True,-0.5777597362785352
143,0.13737693316404054,55,394.88122799676574,26690.555555555555,61.92746668183415,5,False,-0.3969195607017352
144,0.11153358681875793,44,246.69754780937328,33027.90697674418,64.33483998764311,4,False,-0.4925110299153855
145,0.11365788975184694,45,420.98517813351594,32393.863636363636,58.80693175909805,4,False,-0.44123092112207135
146,0.14974224695196792,61,374.29147455598735,24442.0,60.879450031844,5,False,-0.44192127469185244
147,0.12584704743465636,52,439.5006980591086,29167.058823529413,56.786307117131706,5,False,-0.40077217105527
148,0.10452749924035247,43,322.6204702722074,35260.71428571428,63.1609554818245,4,False,-0.46805389686042936
149,0.16315095583388264,66,434.4843663116946,22404.923076923078,59.46747156894716,5,False,-0.5392689911924364
150,0.10202222627072326,42,354.1907467983432,36147.07317073171,60.02644150693276,5,False,-0.4235067772293759
151,0.0924364499406658,37,394.87278081869056,40027.5,64.67106481814346,4,False,-0.5566427575500054
152,0.10180172901349277,42,340.7577668085906,36225.365853658535,62.869147383100106,4,False,-0.47323366859689153
153,0.10945354305172694,45,372.11328814515224,33638.181818181816,61.9455034445485,5,False,-0.40299276665771727
154,0.12378426171529619,49,381.5939167209393,29688.75,60.78858678033933,5,False,-0.3911658885446477
155,0.12061291050439991,49,468.29839330285733,30469.375,64.36787832071302,5,False,-0.42960708206276993
156,0.149052893075251,60,330.77284223346146,24561.86440677966,57.95525251939231,5,False,-0.4556346024140751
157,0.10908429792133811,45,385.51131135135637,33752.045454545456,55.184012739167784,4,False,-0.4829164688187056
158,0.10672182006204757,43,481.6679876910242,34535.71428571428,60.23894141841633,5,False,-0.42369832541453184
159,0.09448427334134515,38,358.1717127449951,39131.35135135135,61.453477312383036,5,False,-0.48460355601054333
160,0.12853938034317589,53,299.9736336058456,28545.576923076922,62.83795814866642,5,False,-0.42485139893109536
161,0.14842451032077536,61,539.1119685366758,24659.0,62.699766812171106,5,False,-0.49355882434277104
162,0.1407059985188842,57,318.0494480134279,26042.14285714286,57.231362769293064,5,False,-0.436099110286471
163,0.10915927146293639,45,355.1675623639369,33728.86363636364,57.502541261204634,5,False,-0.41107715137515644
164,0.1178473222469556,45,419.8563027389916,31242.272727272728,54.1343603244973,5,False,-0.44270455502380296
165,0.1339483161685727,53,370.2729861029845,27392.884615384617,59.38252923249564,5,False,-0.39820975251695745
166,0.1280656747049769,52,423.51144042011407,28661.764705882353,58.92794297264304,5,False,-0.39401507527541324
167,0.11179892755843565,45,397.9828172085834,32932.5,63.553589969043,5,False,-0.41555632971710427
168,0.11483492479560632,46,408.1509844117488,32046.0,60.72397280627237,4,False,-0.4363811441111109
169,0.13377622059425762,49,292.3167086846396,27471.25,69.1571472008978,5,False,-0.5248693408004003
170,0.10476863592899015,42,407.04823505196833,35199.51219512195,60.05092376557694,3,True,-0.5628200623459203
171,0.11991835346147303,47,386.2638410638141,30673.043478260868,57.142963241912454,4,False,-0.4442572361783492
172,0.11870873962812671,49,358.89764097761497,30958.125,62.4829800106364,5,False,-0.39629588610999505
173,0.12444971215712834,49,385.9127315497821,29530.0,61.86855155994953,5,False,-0.3966145399505939
174,0.09359605911330049,38,315.8276694356178,39502.7027027027,54.82397901667058,4,False,-0.5556647308585654
175,0.1416530329074078,57,362.1450604528577,25868.035714285714,57.813026277972966,5,False,-0.4185395064714672
176,0.12265925259628752,50,389.40795444177985,29948.571428571428,57.31338755043947,5,False,-0.3977752093983322
177,0.11645323938313538,46,500.5956567102751,31600.666666666668,57.58822744245927,4,False,-0.47746367488386293
178,0.11105969458583989,44,289.81001091728467,33168.83720930233,58.270604362355606,5,False,-0.42538144375719134
179,0.14336,56,380.6706247171409,25568.18181818182,59.3595246968155,5,False,-0.41494819482573897
180,0.12394133443503408,50,377.0429584086114,29638.775510204083,59.26917292177903,5,False,-0.3914399565098088
181,0.11111339739500813,45,546.6700868928682,33135.681818181816,58.890736222094205,5,False,-0.45073187616212407
182,0.13253037154347871,53,328.2257030732358,27685.96153846154,62.446894563284395,5,False,-0.4071076386416828
183,0.1203434803501661,48,422.30711745262903,30550.85106382979,56.52145540659363,4,False,-0.4498069810249438
184,0.11148136928203575,46,350.0116920315466,33010.0,63.28857343217001,5,False,-0.41148599108726175
185,0.09622261231389377,37,368.0315177592605,38452.5,59.46752998459112,4,False,-0.5015801625285888
186,0.1330524448386739,50,419.2403760131243,27609.183673469386,60.91649769523339,5,False,-0.40822800530146114
187,0.10168465651165136,42,266.2485452701488,36267.07317073171,57.333312196492926,5,False,-0.47712103284766266
188,0.11917570139865928,48,482.46306367337934,30850.212765957447,60.356175124254406,3,False,-0.5371268491788475
189,0.12414548552650262,51,598.8789359032107,29578.2,64.5112520173738,5,False,-0.5033359047579897
190,0.09424213615508618,38,442.07486635986106,39231.89189189189,57.97247869436565,5,False,-0.5029799107822335
191,0.12732615083251714,52,372.8058799700107,28828.235294117647,65.19926406204897,5,False,-0.428859376475486
192,0.12104992279979412,49,426.4970672638576,30359.375,56.71847218101165,3,False,-0.553412804201076
193,0.11497434368812146,45,302.88347758019535,32022.954545454544,59.58378199893534,5,False,-0.4088430734474552
194,0.1124259149880853,46,267.3161740218806,32732.666666666668,59.05867963638236,5,False,-0.4426794144266379
195,0.13126005361930293,51,408.3917202857581,27975.0,58.67788455858476,5,False,-0.4008913170480935
196,0.13393703274718333,53,331.8855776060629,27395.19230769231,63.03845124020072,5,False,-0.40913910762492534
197,0.11925672552463715,43,374.0687882977101,30905.714285714286,62.32642964449381,5,False,-0.4100974273554363
198,0.10505188538241447,41,410.7090354068704,35125.5,57.84772234704469,5,False,-0.4299415797998213
199,0.12825760676763542,47,483.4067262229027,28678.695652173912,59.99781007855178,5,False,-0.43448956534790045
200,0.11796059242430862,45,377.8874312304774,31212.272727272728,64.29528181261044,3,False,-0.5522699807389084
201,0.13666314162531523,56,403.9492296252023,26821.090909090908,59.16163158063395,4,False,-0.4663424147946917
202,0.15462336121735218,63,451.43752598116174,23657.90322580645,61.71815558145198,5,False,-0.4848147409755703
203,0.11660863227791725,48,525.8248716948275,31529.36170212766,60.96252099047418,5,False,-0.4270786223348857
204,0.12699993774512855,51,315.9966586720608,28913.4,64.91022374565902,5,False,-0.4275296542281114
205,0.12083815400437074,47,313.82866070437495,30439.565217391304,58.07003288118192,5,False,-0.4109916656284635
206,0.09778954874197819,40,243.86888933758314,37757.692307692305,57.92576529700644,4,False,-0.531764195916178
207,0.12815680361854503,51,417.2201120334338,28652.4,58.294784717764664,5,False,-0.40021196955777394
208,0.1043858229486972,43,313.87394497082687,35308.57142857143,52.66244846524352,5,False,-0.5073077555612302
209,0.14045941935079323,56,346.2313301367424,26096.18181818182,64.6260454191734,5,False,-0.44490171128988376
210,0.1236555677207445,48,424.8996112101831,29732.55319148936,63.61195581128909,5,False,-0.40907972861581104
211,0.1170653836773607,44,487.3224195697604,31467.20930232558,58.28667944233959,5,False,-0.41360550207465707
212,0.11876043792911486,48,468.1180678596408,30958.08510638298,60.21822515256157,4,False,-0.4379717362177162
213,0.1201814985897069,49,336.77413201573813,30578.75,64.40123732179592,5,False,-0.42397463184751855
214,0.15003996966404984,61,397.7260455375278,24393.5,58.51266103843846,5,False,-0.44419258573519543
215,0.11763999759918373,49,402.6253016030837,31239.375,59.96255295559592,4,False,-0.43211549840309504
216,0.16240823524586803,66,443.0136439433714,22507.384615384617,57.466281507893356,5,False,-0.5438636088246511
217,0.1323703873290736,53,496.1038517901121,27719.423076923078,60.63761131403799,5,False,-0.42760197050438237
218,0.11859660681930488,48,431.590270673986,31000.85106382979,54.257639385591865,5,False,-0.4349887973100496
219,0.12610561345126545,48,355.9126324417813,29154.893617021276,57.84720367987372,5,False,-0.4083911218066364
220,0.14348539813144723,59,401.080339632438,25522.241379310344,57.94516693295718,5,False,-0.43829702324441405
221,0.1478523176275651,58,481.32611587976453,24775.78947368421,60.8823727367018,5,False,-0.4586135011489291
222,0.11191894355300253,44,411.5189893960024,32914.186046511626,60.44493751757493,5,False,-0.4052670920909005
223,0.11504553885913174,46,320.4827467113747,31987.333333333332,61.293272277624496,5,False,-0.40205174998158116
224,0.09761999123923155,39,323.51129893601876,37848.15789473684,60.251952430078205,5,False,-0.4603059072509552
225,0.154412208215212,64,492.74897052883534,23684.285714285714,59.2971961592828,5,False,-0.51468659586777
226,0.1236014056630448,51,369.09095218353565,29708.4,64.60661254459625,4,False,-0.4679010443670993
227,0.1426872770511296,58,441.4017129784062,25672.63157894737,53.05984387257136,5,False,-0.5046848150555228
228,0.12323427086389739,49,234.01934192707867,29821.25,59.87845274997983,5,False,-0.45312003115788246
229,0.13340599455040872,51,529.8106966384735,27525.0,58.61959665396115,5,False,-0.44857141794143457
230,0.10506383238653717,43,306.8960941474963,35080.71428571428,55.708756099695954,5,False,-0.4530586197208321
231,0.13519494628415082,56,456.4112539297078,27112.363636363636,59.242253942414024,5,False,-0.42055142295212466
232,0.14839463980573792,55,421.80887428626755,24708.88888888889,59.79803863102476,5,False,-0.443649230779362
233,0.1429811983763152,59,305.7765860692015,25612.241379310344,59.070170618592236,4,False,-0.5013154837354176
234,0.13415179478840603,55,357.63228146558987,27332.222222222223,70.22710921968591,5,False,-0.5023329255431548
235,0.1081922872013442,44,329.36791362861925,34047.90697674418,64.17549402330074,5,False,-0.42722687678229876
236,0.10749328166989564,43,420.10630091848594,34287.857142857145,64.99896810289287,5,False,-0.43287140975956495
237,0.13148283418553688,54,298.6145477229548,27896.603773584906,65.12182600545914,5,False,-0.45640421177561186
238,0.10284538909838875,40,585.0719246258709,35901.53846153846,54.03548223550924,4,True,-0.5920998170512519
239,0.14961676034747062,61,422.73515321042765,24462.5,57.854060003793805,5,False,-0.45003219789624466
240,0.13087339816413707,48,406.00501168513404,28092.76595744681,56.15274586104904,5,False,-0.42846130709081515
241,0.11467746961670303,46,505.56151937153606,32090.0,60.799175296545464,5,False,-0.42176241567459105
242,0.10722771674011496,44,405.62858803125533,34354.186046511626,60.68289974419718,4,False,-0.4472144095325702
243,0.11717081307593726,48,432.8405773950934,31378.08510638298,61.31272222122912,5,False,-0.3916360089374576
244,0.11939555997761334,48,366.61645424207313,30793.40425531915,63.76074903572051,4,False,-0.4404339271562784
245,0.12836916622968012,51,384.3698200063538,28605.0,58.354045483440245,5,False,-0.39646833866771974
246,0.1455751228290099,60,272.8448098508048,25148.64406779661,63.743214441907874,5,False,-0.49191474571846483
247,0.10897642880206651,45,366.8359651770134,33785.454545454544,66.45560321754415,5,False,-0.463490451482571
248,0.1185159738921333,46,428.34853131189465,31050.666666666668,59.482278352136824,5,False,-0.39591265746253873
249,0.09995002498750626,40,293.1512378423645,36941.53846153846,60.748253261914584,4,False,-0.48330319537921285
250,0.1038276132009394,42,270.3099766891983,35518.53658536585,60.45066423241643,5,False,-0.4541011375309634
251,0.12313249055984239,50,344.52875707414194,29833.469387755104,60.772604752851905,4,False,-0.4297888108664812
252,0.08929648847592614,37,218.84674552730743,41435.0,56.05361855328267,5,True,-0.613940755263906
253,0.14969325153374233,61,398.82203489342834,24450.0,58.18029358920185,5,False,-0.44852720756660397
254,0.11677885005271267,48,364.7044080796639,31483.40425531915,64.97370995054055,5,False,-0.4181520734417559
255,0.12825365723319454,48,282.6576589649851,28666.59574468085,63.53672192551464,4,False,-0.48008106930828787
256,0.11940540979611729,49,335.5813921724071,30777.5,60.03835917489315,5,False,-0.39687848467471254
257,0.13532632096942854,55,297.54072624949305,27095.0,56.428412886347694,5,False,-0.4403358205685363
258,0.11454800251843127,47,292.83683091264504,32111.08695652174,63.176752057700696,4,False,-0.46828506608875864
259,0.1637039058072911,65,344.9760150982861,22334.53125,62.26707764720461,5,False,-0.5316045050124542
260,0.1569584931984653,60,349.49309590973655,23324.745762711864,62.60807576629945,5,False,-0.49988601834392915
261,0.12785693394058414,51,361.6362159346012,28719.6,55.74634488759823,5,False,-0.40696657811638315
262,0.12369540007730963,48,274.6479292560414,29722.978723404256,60.519225807831944,5,False,-0.42795629380498024
263,0.12158301080062413,50,420.2985824482637,30213.673469387755,58.669978906132854,5,False,-0.3918961128896401
264,0.10764577031396684,43,406.39807997428755,34239.28571428572,58.304745260731956,5,False,-0.41083745035430547
265,0.13433473774195517,55,528.5878503220941,27295.0,62.18467713470168,5,False,-0.4521050164228263
266,0.1326944342056764,51,320.3096976552642,27672.6,63.338903359363215,5,False,-0.41738377824503275
267,0.09900990099009901,39,402.79645727569454,37316.84210526316,59.59370860644861,4,False,-0.4804431578008307
268,0.12094534833494457,49,274.4003521517971,30385.625,58.49254531003293,5,False,-0.43068336311045097
269,0.13516280974810566,55,404.8458214126843,27127.777777777777,56.50418257974273,3,True,-0.5803634920368568
270,0.14223035495207004,57,376.1742137145535,25763.035714285714,59.47545554789317,5,False,-0.4137899978303793
271,0.15261627906976744,63,507.5309740772856,23969.032258064515,61.135595516859446,5,False,-0.5064048429558531
272,0.13921994642141455,55,469.6622564726282,26337.222222222223,64.44481843375318,5,False,-0.44643169491045287
273,0.15917800143175978,63,447.56837078992214,22980.967741935485,61.34044423967279,5,False,-0.5095203406825219
274,0.11427334704036358,44,275.9028398658428,32236.04651162791,58.174605321322744,5,False,-0.432499033396025
275,0.11068022219893092,44,311.7174138937514,33282.558139534885,59.95734979257495,4,False,-0.4554776351981254
276,0.12485666963944451,49,343.1306867844651,29433.75,58.82956517568614,5,False,-0.39506360809775737
277,0.14553098597242994,60,421.54044133970615,25156.271186440677,55.38637173458184,5,False,-0.4624801349665695
278,0.12916842549598986,51,358.776514777664,28428.0,60.31182948634392,5,False,-0.4007356934378239
279,0.11557377049180327,47,362.17277202418643,31826.08695652174,62.85767247635283,4,False,-0.4432547098057951
280,0.10855486338123728,44,456.18338831065864,33934.186046511626,58.69815199698057,4,False,-0.4628391521168823
281,0.12830530081835753,52,420.2904025180995,28608.235294117647,58.744759181690824,5,False,-0.39386511207174874
282,0.0958714803938504,37,390.8701553203633,38593.333333333336,59.01077776654117,5,False,-0.48285229596722307
283,0.13025387444973768,54,567.7752428522876,28159.811320754718,57.24915490451959,5,False,-0.49339319940386095
284,0.0928754735427105,38,278.04845868647203,39809.18918918919,67.04195335733505,5,True,-0.5898191992663323
285,0.13136821618991626,54,348.54730396872725,27920.943396226416,55.7881867772604,5,False,-0.41688909586140854
286,0.09214485835841028,37,335.6756639499218,40154.166666666664,57.963982773187396,5,False,-0.5178237183353095
287,0.12335060521512933,49,378.79491066540584,29793.125,60.0622621598165,4,False,-0.42502283939274
288,0.12072682476131814,49,390.2378528923355,30440.625,61.87189479947449,5,False,-0.39260804872331095
289,0.13308780446974136,53,359.4853653196447,27570.0,63.97413361498076,5,False,-0.4163312430775404
290,0.12334801762114538,42,552.5441449767052,29897.560975609755,54.99719861900906,5,False,-0.4777294916986939
291,0.09222524562241655,37,389.9339026995398,40119.166666666664,61.35135283503824,4,False,-0.5368941213183747
292,0.11206109404831079,45,400.3123395559875,32855.454545454544,57.50037272010461,5,False,-0.4097495282295716
293,0.17179309038085014,68,328.20553162456866,21268.20895522388,56.89337396162818,5,True,-0.604219401359191
294,0.12838977819842806,52,563.6582350301486,28589.41176470588,62.89110333733567,4,False,-0.5139733240039802
295,0.1016260162601626,40,275.42055425524046,36332.307692307695,55.45210369355136,5,False,-0.4965147698338166
296,0.12339704814904427,51,482.8358781009472,29757.6,60.5611001445303,5,False,-0.4132738872219938
297,0.1243600638381661,50,520.1187781268522,29538.979591836734,58.66995520308639,5,False,-0.42676371558273335
298,0.10192455097263367,41,471.8219417617188,36203.25,63.97504619799642,5,False,-0.46757928941722865
299,0.09974818472972642,34,436.2551482862201,37184.545454545456,62.08813574738083,5,False,-0.49188058431117826
300,0.13461858068805052,54,403.5677873078504,27246.79245283019,57.66988489829432,5,False,-0.41089059696623476
301,0.11399379367123345,45,442.46391340194475,32298.409090909092,58.17014239770933,5,False,-0.4018631403593533
302,0.14383519899234098,59,432.4986410187755,25460.172413793105,65.30098667519056,5,False,-0.4592727978839325
303,0.12654563500268806,51,429.4261930964376,29017.2,59.03403571264501,5,False,-0.39424069803482886
304,0.1440019525688484,59,408.21929492465085,25430.689655172413,58.16815818906396,5,False,-0.43548260029751057
305,0.10282556072063581,40,453.02378566885886,35908.46153846154,61.87338943750133,5,False,-0.4386440545249523
306,0.12615435356200527,51,342.5216943471371,29107.2,57.48567754948055,5,False,-0.4015818585574174
307,0.11311324477180061,43,304.96613525178316,32584.285714285714,58.29064838623217,4,False,-0.45972647865529254
308,0.1346409574468085,54,280.54301654655893,27242.264150943396,62.12680709280816,5,False,-0.44055638060880475
309,0.11900425015179114,49,321.64942085392283,30881.25,62.84703359232011,5,False,-0.4067181600480342
310,0.1265315590796938,50,296.1792122651803,29032.04081632653,63.28678987890748,4,False,-0.4657719659051303
311,0.12976273773932956,51,337.03043748449886,28297.8,63.184308621358234,4,False,-0.4620069549010029
312,0.09675018605805011,39,365.1152730777764,38188.42105263158,61.72054919181,5,False,-0.469790050112816
313,0.10902896081771721,40,448.46084721918504,33865.38461538462,62.58813476428383,5,False,-0.43691495539256686
314,0.1053147195689444,43,561.1551458094415,34997.142857142855,60.58492116750723,5,False,-0.4717591928493788
315,0.11151955722605428,45,481.83734591505305,33015.0,61.797717803999376,5,False,-0.42409139566225684
316,0.118240865490961,49,209.11158965112062,31080.625,59.35245195902118,5,False,-0.4678496845419372
317,0.1229114653351258,48,429.571453103662,29912.55319148936,53.05515215661813,5,False,-0.46201925699189894
318,0.14797459769406252,60,357.8357554121254,24740.84745762712,61.38188537108448,5,False,-0.4417551447321271
319,0.10151446374778195,41,342.1380212296865,36349.5,60.00570122524427,5,False,-0.4271494307313093
320,0.1284664319683775,52,498.5079926655223,28572.352941176472,58.795546311587714,4,False,-0.46617632256717423
321,0.10475217169136435,41,435.90955341295205,35226.0,64.46466884628411,5,False,-0.44689950787376986
322,0.10406772661573406,42,378.71786504252066,35436.58536585366,60.73365759065544,5,False,-0.417307400003582
323,0.10526745277245093,43,410.0235016581757,35012.857142857145,55.51090285653748,4,False,-0.49028579240628994
324,0.11688634667993036,47,388.44585997532846,31468.695652173912,63.01467336476505,5,False,-0.40411213131061025
325,0.11509029690847873,47,441.47075077613556,31959.782608695652,60.585906103670055,5,False,-0.4027674891178499
326,0.09967988978483731,41,327.02192144643243,37018.5,57.22778466303259,5,False,-0.4508345311467064
327,0.13450173221927858,55,495.83269675922,27261.11111111111,61.92716439497628,5,False,-0.4430871474890722
328,0.1308505284348264,52,344.2810274474741,28051.764705882353,61.097466623652565,4,False,-0.4511966759883071
329,0.13316861743336333,53,342.98047921310615,27553.26923076923,58.408228336933526,5,False,-0.4042668477752573
330,0.12380068090374496,50,425.3940369789531,29672.448979591838,59.93020345173831,4,False,-0.42908566177581253
331,0.12033935698670249,50,267.8368054315117,30525.918367346938,62.29072153826954,5,False,-0.44461633259384153
332,0.11347392958458866,43,364.831908160573,32480.714285714286,61.36719868485775,5,False,-0.39555986440337676
333,0.15726693173993203,59,410.1570360754234,23285.689655172413,65.03399892161747,5,False,-0.520398661513867
334,0.13918765025939517,55,495.80130422979903,26343.333333333332,60.56403665432486,5,False,-0.43222254050605785
335,0.12454724534536442,49,378.3372375907121,29506.875,62.170913575314835,4,False,-0.43783151231420847
336,0.12908725567801255,53,385.3309579710931,28424.423076923078,60.68187136765262,5,False,-0.39937830776911076
337,0.12436548223350254,49,425.341864027389,29550.0,53.12994086119731,5,False,-0.46411162213917706
338,0.0945397248651597,39,370.09361743645934,39081.31578947369,56.37998610534112,4,False,-0.533737603912133
339,0.1500562711016631,60,297.9015870361096,24397.627118644068,60.11446441602183,5,False,-0.46831192435481994
340,0.12548363484262262,50,497.6008948286884,29274.48979591837,62.160950368769214,5,False,-0.4275031423494425
341,0.11519679452397846,46,427.52448835822446,31945.333333333332,57.317687479827505,5,False,-0.4026554797633928
342,0.1394324853228963,57,391.0254641618338,26280.0,59.099105218767704,4,False,-0.46984693684200585
343,0.1659115563780231,65,283.10265910060707,22037.34375,62.52462571148759,5,True,-0.5779219757696409
344,0.12605042016806722,51,539.2173768812589,29131.2,57.473987435391166,5,False,-0.4413583591916313
345,0.13174322986179876,51,407.71434951667425,27872.4,59.895870441434425,5,False,-0.4051286853755354
346,0.10135970333745364,41,380.84870853561455,36405.0,63.825893615227315,5,False,-0.44355936599686224
347,0.09331848084238845,37,444.27703703495445,39649.166666666664,59.7218136736747,5,False,-0.5173605991072437
348,0.12335227959850043,51,523.8871892087419,29768.4,61.56863623102507,5,False,-0.43579877124789185
349,0.1166109930154874,48,584.7861706297784,31528.72340425532,56.94571930069695,5,False,-0.4737226445128517
350,0.10485673643568381,43,477.37285789057927,35150.0,54.99172709204308,5,False,-0.4631195405433626
351,0.14589181900572515,55,366.21093404774086,25132.777777777777,59.069858420544435,5,False,-0.4255675403122214
352,0.10450230775929635,40,355.616642603106,35332.307692307695,60.266217470615025,4,False,-0.46707873235076
353,0.10860642798509819,43,318.4895497375738,33936.42857142857,54.7936941211088,5,False,-0.44203223760570165
354,0.10544594849049103,42,367.3508364072676,34973.41463414634,57.545324310734564,4,False,-0.4663982193187918
355,0.14096088335486903,50,335.20483698037873,26060.20408163265,53.21871500179582,5,False,-0.5074230638577415
356,0.1327461334557826,53,294.7284620488339,27640.96153846154,62.263849701587745,5,False,-0.4284660579912004
357,0.1476438502235164,60,367.914291803096,24796.271186440677,53.5735909459663,5,False,-0.5144672838588618
358,0.12337555518999836,50,538.1762832083122,29774.69387755102,58.141451621599046,5,False,-0.4345280171964827
359,0.11555719466469973,47,488.6461194892209,31830.652173913044,60.83188394875626,5,False,-0.41621933946633544
360,0.12392853454507902,50,434.6275526532953,29641.836734693876,62.40476079507794,4,False,-0.4407614107893916
361,0.1178830174777946,48,394.72639115133387,31188.510638297874,57.989186005050094,4,False,-0.4386311532886557
362,0.11592211751067986,45,438.0638896488865,31761.136363636364,62.08869470711158,4,False,-0.4543723526897756
363,0.11097866743392659,45,347.14467263084646,33175.90909090909,55.16581950914586,5,False,-0.4325520463404714
364,0.14809682587797168,57,380.8671226237304,24742.5,57.97543824284488,4,False,-0.5176591327736914
365,0.12964348042882073,52,429.82277329818476,28312.941176470587,61.668487825547714,5,False,-0.3939075037013151
366,0.11437043312506619,45,316.6577547222862,32192.045454545456,59.01925448425684,5,False,-0.40286122313789285
367,0.13608808610664358,55,387.2943074530185,26943.333333333332,54.353161211429686,5,False,-0.4493854717298783
368,0.16042780748663102,62,424.6320446720595,22807.868852459018,62.022858101963976,5,False,-0.508923455332723
369,0.12818364611260052,51,419.73299566660705,28646.4,54.52729389269691,5,False,-0.4322475602239664
370,0.09367296631059983,38,259.67241219323614,39470.27027027027,64.08071235635346,5,False,-0.5490400167398652
371,0.13180800795821934,53,369.61475309480414,27837.69230769231,60.575948255643,5,False,-0.39779106740725695
372,0.1017056891619875,40,450.3039050315801,36303.846153846156,58.73062026180851,5,False,-0.44296352150845303
373,0.12748672013331944,51,375.6145117528179,28803.0,58.832262648304265,5,False,-0.3962222663711568
374,0.1057052135614053,43,347.4189791701839,34867.857142857145,64.13890039844642,5,False,-0.43079066818154316
375,0.13934159061277707,57,361.39065874795614,26297.14285714286,60.148765517717855,5,False,-0.41170271956069604
376,0.14961676034747062,61,523.781134642311,24462.5,60.777728388748066,4,True,-0.5646200883516835
377,0.1286772144215595,53,321.11355254582276,28515.0,52.36167583739074,5,False,-0.4902755114955476
378,0.12855522413141202,51,331.76883456405875,28563.6,59.97657419298126,5,False,-0.3983714345703933
379,0.11084559930922308,46,354.9265898064149,33199.333333333336,63.96422745296321,4,False,-0.4610973281434933
380,0.13909506863243518,57,295.0264245918238,26343.75,53.27935429653248,5,False,-0.5140333482344045
381,0.15286624203821655,61,525.39608628007,23942.5,58.16167370371855,5,False,-0.4988724246674006
382,0.14868951612903225,59,527.8605526864902,24628.96551724138,59.698041873703126,5,False,-0.4758662287247954
383,0.1289601513132442,50,322.8472883047278,28485.30612244898,64.30671768732509,5,False,-0.42786725085936655
384,0.11028029575170224,44,310.16082690009915,33403.25581395349,64.29735760893512,5,False,-0.43644359112583253
385,0.11679305730159373,48,378.69525297417977,31479.574468085106,58.95992126564308,5,False,-0.39352832807453964
386,0.10400759420529118,42,316.2241238832395,35457.07317073171,61.46356630891367,5,False,-0.41977159587796625
387,0.139099645928174,55,356.7295444063083,26360.0,58.14548457054165,5,False,-0.4069122059112114
388,0.11676464625988243,48,370.55732828033064,31487.23404255319,60.17169327556726,5,False,-0.39386632158740065
389,0.12446325222478062,50,446.47043524323686,29514.48979591837,67.75939896961442,5,False,-0.4796135217569688
390,0.10651388916907063,44,528.2937901509929,34584.41860465116,60.994852635607735,5,False,-0.4438673874476459
391,0.11127268129228045,44,468.0537077943505,33105.348837209305,52.6153849208728,5,False,-0.4998642373552102
392,0.1516912349379167,62,415.35423016042523,24121.475409836065,61.00467825285024,5,False,-0.45975536233148045
393,0.12780887143931166,51,349.2044617882787,28730.4,65.22826022582443,5,False,-0.4279520604915113
394,0.13572053519984636,53,311.75561800378415,27035.19230769231,63.167280137375876,4,False,-0.47892788997149166
395,0.13447406417688512,52,321.56320624671855,27295.882352941175,60.61161096507133,5,False,-0.40386634355392037
396,0.14070310410795467,57,430.74446561349305,26042.678571428572,61.36350849667999,5,False,-0.4110309170602715
397,0.1498249994883026,61,475.9312446076936,24428.5,56.018167232836205,5,False,-0.49172213492433303
398,0.10178528152516358,42,291.879329044163,36231.21951219512,63.55559849346416,5,False,-0.4680965854971566
399,0.17266552402716942,68,268.363855723808,21160.746268656716,56.92147642664863,4,True,-0.6700973450843851
400,0.10693371806840364,42,287.5257191551578,34486.829268292684,62.61027390113607,5,False,-0.43596872166211886
401,0.1266320428728093,51,381.8062060480955,28997.4,63.84087566967906,5,False,-0.41090308733357755
402,0.10971149939049167,45,440.2965559658134,33559.09090909091,56.926963149711554,5,False,-0.41812774281351095
403,0.11832176275279203,49,325.33093626484515,31059.375,60.22237582621838,5,False,-0.39677409378889383
404,0.10203668461756489,42,353.2440173462273,36141.95121951219,62.601435865127904,5,False,-0.4249987527763856
405,0.13445858961521956,47,485.5695120807053,27356.08695652174,63.1648473388468,4,False,-0.5135935391650989
406,0.10963095162215565,43,421.9795015163965,33619.28571428572,57.71292504927116,5,False,-0.41096177061190403
407,0.11958643026201055,48,376.89924855640095,30744.255319148935,61.78779611310432,5,False,-0.39159431778269804
408,0.10555194873191061,42,565.5744444646781,34938.29268292683,60.309082464789746,5,False,-0.47748258531018956
409,0.1054481546572935,42,277.37696672793805,34972.68292682927,59.16347023787967,5,False,-0.44727969004157087
410,0.11614975905103177,47,388.3080196885563,31668.260869565216,60.91568480088979,5,False,-0.3941769584712779
411,0.07356827262541488,29,470.90797360783574,50681.78571428572,55.78956685739238,4,True,-0.6856870722706154
412,0.13164245908113564,50,365.2766349803892,27904.897959183672,58.884255055089966,5,False,-0.3991503035241414
413,0.11267370529566414,45,417.349220688614,32676.81818181818,62.24359477202043,4,False,-0.4528546949474523
414,0.10853180584865843,45,329.8307645430335,33923.86363636364,63.71988239103923,5,False,-0.426997088719309
415,0.13765414396329223,56,400.3407568431653,26628.0,59.81665887873558,5,False,-0.4076358078493313
416,0.13068135119585764,53,375.6907473777447,28077.69230769231,59.39962622392038,5,False,-0.40088753721241543
417,0.10450685826257348,40,365.2557219023052,35330.769230769234,54.098290193190536,4,False,-0.5237196160388391
418,0.09110272253737953,36,331.3768136316313,40644.857142857145,57.15975313427081,4,True,-0.5619065601334241
419,0.13106000849463018,54,315.2296251458814,27986.603773584906,62.42183017411917,5,False,-0.42374645147385837
420,0.1696060959872181,69,461.83283472507935,21537.79411764706,56.04827520238402,5,True,-0.59374828492489
421,0.13083582284829584,50,484.115684768254,28076.938775510203,58.89006925401402,5,False,-0.4314398085541198
422,0.12418246543588046,50,435.4744487157879,29581.224489795917,60.27633664283958,5,False,-0.39692976965785964
423,0.12260400239877396,46,256.60496608933715,30015.333333333332,65.89281905516151,5,False,-0.48253442072710445
424,0.1263823064770932,50,453.222468884341,29066.326530612245,56.60601023466323,5,False,-0.4085670475166205
425,0.11030794300756278,44,325.91104149459704,33394.88372093023,58.770316420872035,5,False,-0.4079346345667055
426,0.12297396214577017,49,379.0551802443849,29884.375,56.3277018332109,5,False,-0.3981942836739276
427,0.1105628467885588,45,401.5443725192858,33300.681818181816,59.20911868635171,4,False,-0.44329340652969873
428,0.14834630350194553,61,556.2878400402122,24672.0,59.69868730091651,5,False,-0.49846343538722543
429,0.11123517391029557,44,364.90935021498797,33116.51162790698,56.96218873852224,4,False,-0.4539070552282209
430,0.09981831315806755,38,387.35863488351936,37040.27027027027,61.04841148883338,5,False,-0.45209432391623355
431,0.11234520617898634,44,355.61303988318303,32789.3023255814,59.9288982706706,5,False,-0.404487665762312
432,0.11471108670449691,47,484.25671626181236,32065.434782608696,58.955995189393306,5,False,-0.41491561095091695
433,0.12072434607645875,43,528.1902109865321,30530.0,63.43825238936057,3,True,-0.5809972707810297
434,0.14090019569471626,51,348.3597337585159,26061.0,57.33695380813789,5,False,-0.430621980461774
435,0.1365978848024505,55,464.91006433436974,26842.777777777777,62.147181089583775,4,False,-0.47290464827972944
436,0.12047225122480121,50,383.4541289218008,30492.244897959183,58.014105212069666,4,False,-0.44393203976346024
437,0.10550554741469542,42,442.17588913306975,34953.65853658537,60.750494241179254,5,False,-0.41935772070415456
438,0.13286815551423736,53,493.0235502632027,27615.576923076922,63.356983543259474,5,False,-0.45578146255640506
439,0.1194393662400975,49,402.4499818353957,30768.75,60.89571715571795,4,False,-0.4234374863690062
440,0.12023546111134306,48,438.9374842182319,30578.297872340427,60.31949359033315,5,False,-0.3997862770394406
441,0.14638690502595042,55,395.9059606569418,25047.777777777777,59.302854295485716,3,True,-0.5850468594055898
442,0.10186546305306528,41,377.46860025650784,36224.25,54.4198025817526,5,False,-0.4698516958711979
443,0.14569621062048693,57,262.0840751102438,25150.178571428572,53.38226930332308,5,False,-0.5440797671935451
444,0.1408918721339802,53,358.39622173616885,26042.884615384617,60.67399812178948,5,False,-0.40911245472234775
445,0.13683010262257697,54,430.22015938439165,26806.415094339623,64.55863971140467,5,False,-0.4308709834352131
446,0.13623511267243593,53,444.00008874933627,26933.076923076922,61.455652275543656,5,False,-0.405914701652485
447,0.13926782587449607,57,375.6695354598792,26311.071428571428,63.596842207068555,5,False,-0.42214366856136093
448,0.09738977846018863,37,299.1653554176226,37991.666666666664,62.63368619875175,4,False,-0.5169194108996347
449,0.12116423021203741,46,289.1042394117572,30372.0,60.909069191726395,5,False,-0.42553756901802287
450,0.14950980392156862,61,401.5562336166455,24480.0,61.59000909544347,5,False,-0.43921130504927886
451,0.10134508826498033,41,394.2260683991163,36410.25,59.76503185429738,4,False,-0.46348159818260604
452,0.12347234471462769,49,361.80603672784616,29763.75,62.17160143905855,4,False,-0.4310088627621879
453,0.12313249055984239,50,267.4579159837358,29833.469387755104,63.84292948650767,5,False,-0.4439503838047527
454,0.11671133396732082,45,519.6532924429172,31546.363636363636,60.875786014682085,4,False,-0.4766744087387239
455,0.12967581047381546,52,398.48981166869066,28305.882352941175,63.91408333416572,5,False,-0.4127230167565399
456,0.1541234230315083,62,386.6816946293827,23740.819672131147,61.15940786671199,5,False,-0.4641947596620209
457,0.11068976119708926,45,519.4458324339305,33262.5,58.75164918140571,5,False,-0.4284169842886859
458,0.11088523378303457,45,479.1251554048857,33203.86363636364,63.0344908125227,5,False,-0.4302649119807928
459,0.12545235223160434,52,356.35868759154033,29258.823529411766,63.06037280078644,4,False,-0.45523443809280795
460,0.10585918266863614,43,355.26056924929736,34817.142857142855,62.64354845858466,5,False,-0.4163760426220248
461,0.11089904570567553,46,370.296869781293,33183.333333333336,61.19173924662427,4,False,-0.44710557097522735
462,0.13515959693477342,56,378.3112020341882,27119.454545454544,59.33015273647082,5,False,-0.4126315013526308
463,0.1690537684902559,66,391.7678635775695,21622.615384615383,55.287228075157316,5,True,-0.5783997453488559
464,0.1402271515847308,57,366.2209246065658,26131.071428571428,60.97882727947639,5,False,-0.4078601000375815
465,0.129541098455641,49,408.8929708126101,28369.375,60.09889303945374,5,False,-0.4071366248006805
466,0.1425692160814681,56,391.5489939479146,25710.0,59.97277821805486,5,False,-0.410235253166363
467,0.12381505126716966,48,304.7751745639109,29694.255319148935,59.003471968528494,5,False,-0.404988350940096
468,0.1235813886428704,50,469.6284077833284,29725.102040816328,57.05425295379432,5,False,-0.4082002933544427
469,0.11736307641085401,47,375.50135385309164,31340.869565217392,54.999054294239464,5,False,-0.4214989461005736
470,0.08285946385052803,34,479.9955796712567,44763.63636363636,59.87559676570265,4,True,-0.6327817515269508
471,0.12976149184910127,53,361.3205687473523,28276.73076923077,59.99416422206375,5,False,-0.4010819650611985
472,0.1089399965415874,42,502.97780002554214,33851.70731707317,60.68391635865063,5,False,-0.4302417261787067
473,0.10330197380557093,42,343.896465791807,35699.26829268293,70.1297099399601,4,False,-0.5343163557441913
474,0.14966072674234257,59,348.49879616917207,24469.137931034482,56.211136640814225,5,False,-0.4670768031457089
475,0.12200081333875559,50,436.51502505342035,30110.20408163265,58.192940972904616,5,False,-0.39823597608931227
476,0.1390328678577962,57,444.00080015030744,26355.535714285714,53.85017945692947,5,False,-0.4807241143653813
477,0.12845111384888816,53,470.30579147622336,28565.19230769231,64.23209452531731,5,False,-0.44166331408674553
478,0.10972796608408321,44,254.6553985079081,33571.395348837206,61.34943931422482,5,False,-0.4399553357788748
479,0.11216231619742391,41,617.7617309718354,32898.75,56.374688450465214,4,True,-0.5646728014548793
480,0.1459014943850031,55,495.80232037864766,25131.11111111111,51.65490582429767,4,True,-0.6046003265011765
481,0.11409844025004552,47,413.91845020484413,32237.608695652172,60.1904256027169,5,False,-0.4027167230653209
482,0.1356787197495162,52,498.5966845080327,27053.529411764706,60.457808419208234,5,False,-0.43718850167141665
483,0.1411057639962546,54,512.7506693546429,25994.150943396227,56.411615412361826,5,False,-0.4641972343550663
484,0.10983067770520448,44,283.4817752148058,33540.0,62.4022578890729,4,False,-0.4614173907089714
485,0.12418075198344257,51,382.87070182908036,29569.8,58.05353554341915,5,False,-0.39816188460211843
486,0.11732338964552876,43,454.11018899942076,31415.0,58.33539661083185,4,False,-0.4535702317631918
487,0.1342925659472422,49,371.0357153175694,27365.625,67.09663346096792,5,False,-0.4856470325483988
488,0.101147156778093,41,414.52165243177626,36481.5,64.9734014434412,5,False,-0.46107029537654765
489,0.11472752213492955,46,442.49881456806895,32076.0,60.3081694952105,5,False,-0.40359559758570523
490,0.10986328125,45,401.66166400127264,33512.72727272727,58.36414801899519,4,False,-0.4510010781537752
491,0.11479835880864814,45,387.3161692681082,32072.045454545456,62.45034108966201,4,False,-0.446283071230264
492,0.1254962223075938,49,559.2967335207551,29283.75,56.672196778419675,4,False,-0.5030092672420864
493,0.12038079639676527,49,288.9898006608578,30528.125,60.22292244611465,4,False,-0.4498592715509387
494,0.1322089919064367,52,254.49725880992983,27763.529411764706,56.19992948444245,4,False,-0.5144979744300492
495,0.11452160596577668,43,534.035520624474,32183.571428571428,57.69629073335259,5,False,-0.43267828109592954
496,0.11347284463265223,46,405.35378023053784,32430.666666666668,59.44877361674334,5,False,-0.3976334012506974
497,0.13523575697812482,56,364.4015409893077,27104.18181818182,53.99584194004651,5,False,-0.4696386893377952
498,0.13212780824528342,52,327.32820788075117,27780.58823529412,65.64658230735137,5,False,-0.4382812096427822
499,0.12291871698567956,51,486.1479774210316,29873.4,54.0915581383905,5,False,-0.45122651981320516
500,0.13486176668914363,55,344.7818454754886,27188.333333333332,59.450287869677354,5,False,-0.40355929389040807
501,0.10844209066263162,43,505.3474806799718,33987.857142857145,60.53196774395502,5,False,-0.4268464819149113
502,0.13850815178184966,56,473.33898532332523,26463.81818181818,60.08686002810761,5,False,-0.42651031806631706
503,0.15424164524421594,64,368.38734806203166,23710.47619047619,60.92197835964467,5,False,-0.4705152233429964
504,0.1265643064316573,52,319.40219434483447,29001.764705882353,57.29908807580086,5,False,-0.4079127651985788
505,0.10229328232530095,41,330.4056287017752,36072.75,61.36495571561364,5,False,-0.4238800234004075
506,0.1305661898045537,54,433.08446219775374,28092.45283018868,61.32892349930752,5,False,-0.4075392579913215
507,0.09562154001006543,38,305.7018795587154,38665.94594594595,61.104536613979576,3,True,-0.6060077913547225
508,0.1324475728357525,53,318.7448445441369,27703.26923076923,58.0560304814456,5,False,-0.4072034257034574
509,0.16450286267236514,68,393.5712663404383,22210.746268656716,61.264403204155144,5,False,-0.5347463121163352
510,0.08619628124615195,35,417.86157528815653,42993.529411764706,61.72919060878943,5,True,-0.5937384847705012
511,0.14039900752425716,58,363.6725989185625,26091.052631578947,62.63867817560087,5,False,-0.41563422598826605
512,0.11174993926633736,46,359.6715484007751,32930.666666666664,54.07532027628794,4,False,-0.5096171485527456
513,0.11319361850469589,46,329.13426873164764,32510.666666666668,61.31967069363717,5,False,-0.399663394352357
514,0.10959369623855744,43,288.254238641366,33630.71428571428,64.96044167490574,5,False,-0.44877322082600374
515,0.1231521715396205,47,400.6469493548682,29867.608695652172,60.860847362607345,4,False,-0.4253617120077308
516,0.14809419762078174,61,355.71448007622246,24714.0,66.78643139261177,5,False,-0.5126261510792668
517,0.10996171703184816,45,435.2686261208603,33482.72727272727,60.804820651641215,5,False,-0.40530206819019904
518,0.11636363636363636,48,257.19606699380546,31595.744680851065,61.28324264240704,5,False,-0.43691564982497627
519,0.12942876330409653,53,345.6640725289326,28349.423076923078,56.58519020656028,5,False,-0.40723811500107227
520,0.1294176207068193,52,406.1159821929039,28362.352941176472,62.93644166949911,5,False,-0.4048357526300737
521,0.1158371040723982,48,451.9032865678382,31739.36170212766,61.75972019134287,5,False,-0.4056623580486315
522,0.13564147112385658,54,324.5786104572162,27041.32075471698,59.04068284707483,4,False,-0.4610047880334012
523,0.12989986885109395,52,452.86060996024815,28257.058823529413,63.7384620362021,5,False,-0.4196979764603604
524,0.14429162096025652,57,434.4279156775316,25395.0,55.246264085648065,5,False,-0.4586414884063004
525,0.15618644757178882,64,399.47747476273975,23415.238095238095,61.68495277336399,5,False,-0.4877749961270313
526,0.13211382113821138,52,575.5618196521481,27783.529411764706,59.531963434711336,5,False,-0.47758417650774554
527,0.13796095444685466,53,438.97105155249756,26596.153846153848,61.91639927880907,5,False,-0.4002276387154682
528,0.16796857362170947,62,333.35943495182073,21783.93442622951,61.42524056036844,4,True,-0.6078298145882464
529,0.13188727370756692,53,508.2314336456677,27820.96153846154,58.3260828618894,4,False,-0.48160144775806335
530,0.14969593014189927,56,400.96040927319945,24486.0,63.18419307537649,5,False,-0.45068895098571066
531,0.12978797216496948,53,282.0446510140123,28270.96153846154,59.21584656037454,5,False,-0.4232517952474325
532,0.12283807127167261,48,416.2708518235816,29930.425531914894,58.887755041224416,5,False,-0.38870899475987447
533,0.15048180578166936,57,402.566360151457,24350.35714285714,60.670663726496294,4,False,-0.5137773709655192
534,0.10462509341526198,42,556.654962643015,35247.80487804878,56.28425595559423,5,False,-0.4853083809158929
535,0.11692196138856159,43,357.19760689153713,31522.85714285714,64.61893623049558,5,False,-0.42564100733667104
536,0.12162675788673509,48,400.9889387467121,30228.510638297874,63.31684818956945,5,False,-0.4031246178828225
537,0.13843111404087013,56,575.4408527483421,26478.545454545456,57.06788288259582,4,False,-0.553476387668
538,0.13059548254620124,53,383.1598436386558,28096.153846153848,61.271194496641314,5,False,-0.40118229404085304
539,0.09373169302870533,36,285.13069425048394,39504.857142857145,62.07196347397995,4,False,-0.5471276623740117
540,0.1496014714898835,61,435.91295470039614,24465.0,58.28191548163202,5,False,-0.44824491726037224
541,0.12314874436574372,51,304.5908134718431,29817.6,57.46168034082284,4,False,-0.4638969386722326
542,0.13325381973719386,54,380.32227879435885,27525.849056603773,53.47243054506884,5,False,-0.46720381968117736
543,0.12312588994053104,49,480.22315234855574,29847.5,61.23687724969477,5,False,-0.4112881689729644
544,0.10732468008989589,39,433.7431969634028,34425.78947368421,65.3692828554567,5,False,-0.4747693390818015
545,0.09363257427978892,38,406.7886171959309,39487.2972972973,60.422515964429245,5,False,-0.4961138200387058
546,0.11316809151854357,46,409.7700042125135,32518.0,62.05522333495311,4,False,-0.4466061123952697
547,0.14740807468675785,60,468.684483791425,24835.93220338983,61.23517905936448,5,False,-0.4524471463188806
548,0.1293558606124604,49,439.95458320148316,28410.0,64.58969562471417,5,False,-0.436294415722046
549,0.14707491628548292,56,317.36536996135004,24922.363636363636,58.440833044200986,5,False,-0.4503308075378377
550,0.16548825602521727,63,337.0033007787205,22104.677419354837,55.93788504990168,5,True,-0.5614425751009101
551,0.12224532224532225,49,514.5130942293869,30062.5,60.166765987404105,5,False,-0.4123437402193411
552,0.10069225928256766,40,616.9050149283844,36669.230769230766,57.989610542360495,5,False,-0.5369702220603466
553,0.14416579065925814,56,337.04277290774615,25425.272727272728,59.38130838242539,5,False,-0.4227820189300852
554,0.13430330162283158,54,350.0796152604409,27310.754716981133,59.68734479374109,5,False,-0.4029101961302683
555,0.11403818953323903,43,586.1188938805265,32320.0,54.67069601705167,5,False,-0.49800214560124095
556,0.12398452219363466,51,401.6631264289874,29616.6,57.34234028561989,4,False,-0.45395452765927735
557,0.11976567585159471,46,514.2988411410256,30726.666666666668,60.57488801197587,5,False,-0.4229077351704195
558,0.1406379850412325,55,478.16392736454503,26071.666666666668,65.12661751461644,4,False,-0.5107192029241051
559,0.12844190732034924,51,678.9625130419049,28588.8,57.63758837870156,5,False,-0.503898217576568
560,0.1515738005500662,62,294.2897879605748,24140.16393442623,65.00148760107248,5,False,-0.5173625244069981
561,0.1538831449867757,64,353.84879325303746,23765.714285714286,63.00673541533581,5,False,-0.48504978579737285
562,0.12740674194009433,52,469.6289333178314,28810.0,61.42475249218825,5,False,-0.4123829152167828
563,0.12633624878522837,52,386.81283896935247,29054.117647058825,59.47904827241151,5,False,-0.39529725209172795
564,0.10538641686182669,42,312.12171623092195,34993.170731707316,60.7371558102136,4,False,-0.466154602001224
565,0.11782858745967176,49,436.5880560064238,31189.375,56.85089279508302,5,False,-0.4040630802039478
566,0.14320098703505188,59,302.25715496924033,25572.931034482757,62.44634723223183,5,False,-0.4528157007838083
567,0.11920036422333513,48,329.77009642007766,30843.82978723404,62.29490929021113,4,False,-0.44075061327720827
568,0.13204672422549518,52,396.4789527881843,27797.647058823528,63.79631038316275,4,False,-0.4663199876455006
569,0.12093794091957628,45,278.47428093276636,30443.863636363636,63.37285366404637,5,False,-0.44633816368288043
570,0.15154292697830737,62,224.12227806949772,24145.081967213115,51.52574326855343,5,True,-0.6037869736209386
571,0.15253267800775375,60,327.1673229041031,24001.525423728814,62.81728703267756,5,False,-0.4693336355028683
572,0.09959514170040486,41,394.8352970218087,37050.0,61.91773594461141,4,False,-0.4783362696288403
573,0.16478111165764878,67,417.73886322978905,22178.18181818182,58.185084933559935,5,False,-0.5487311013618147
574,0.12937737140013683,52,367.6452311011838,28371.176470588234,56.158866817656076,5,False,-0.4030001178364979
575,0.14024906299117398,58,531.9767420219886,26118.947368421053,58.93185210723954,5,False,-0.45676085215607415
576,0.12625731240267665,50,333.0678853815399,29095.102040816328,64.0542215690056,5,False,-0.42058419940447705
577,0.10404839075951196,42,341.6529991713982,35443.170731707316,55.0735972557409,5,False,-0.4494501010537763
578,0.10521593735981404,43,432.5457404584563,35030.0,59.79404562907027,4,False,-0.4598416220411442
579,0.15398855604173678,61,480.8630628570922,23768.0,55.824405748989015,5,False,-0.5087932513878747
580,0.1406799531066823,55,324.9778545115252,26063.88888888889,60.35687544650409,5,False,-0.41488041491159644
581,0.1345977363107984,55,310.3781738701316,27241.666666666668,61.79955915596114,5,False,-0.415661120899679
582,0.14308622178364375,58,388.64327659707857,25601.052631578947,59.38202381124334,5,False,-0.41808032085605856
583,0.13987221550682094,54,287.74150242373946,26223.396226415094,65.41190141893867,5,False,-0.4662535699246326
584,0.1453710788064269,57,427.4709661289749,25206.428571428572,58.54753183142671,5,False,-0.4293360426369124
585,0.12668116462217344,50,433.0371901974134,28997.755102040817,62.93993979473904,5,False,-0.40542615144435645
586,0.12599910000642853,49,470.25651340951646,29166.875,59.89216930752565,4,False,-0.4493748256810894
587,0.10476944630565876,43,300.3993688020004,35179.28571428572,63.14159745645326,4,False,-0.47356450925068677
588,0.12843756143378257,49,402.186529330165,28613.125,64.91570405398834,5,False,-0.4316658882978224
589,0.13855627779678412,54,263.80866954278036,26472.45283018868,56.40337213520692,5,False,-0.47003293257096423
590,0.1341448267295988,54,454.66560928256035,27343.01886792453,65.81772483255092,5,False,-0.4509246014568839
591,0.0998932764140875,39,386.37695813539426,36986.84210526316,57.3217248644648,4,False,-0.49220684113296614
592,0.13140161725067384,52,504.12627206571824,27934.117647058825,53.752606835505624,5,False,-0.4744779022489629
593,0.10631229235880399,44,500.7389847234743,34650.0,61.0721369854552,5,False,-0.429869193669601
594,0.13509087931881447,55,474.1314040653122,27142.222222222223,54.06229608821449,4,False,-0.5312969332875751
595,0.1066291949082493,43,273.66746647371866,34565.71428571428,64.6153936354603,4,False,-0.49317128137073146
596,0.13529580583001927,55,454.3971525793452,27101.11111111111,60.94636617509177,5,False,-0.4112278437857794
597,0.12035337800349964,47,313.6958279077492,30562.17391304348,54.91686185395554,4,False,-0.4946244651397331
598,0.12905894519131333,52,445.75794519014516,28441.176470588234,61.53841720450834,5,False,-0.39707526095882134
599,0.15177385695313983,60,279.1424184404088,24121.525423728814,62.00715917748756,5,False,-0.4873395690989593
600,0.12001363791339925,44,406.77845081353394,30694.18604651163,61.71869749390741,5,False,-0.4002424812636469
601,0.14724814934019956,61,447.0970292616196,24856.0,62.82468837317161,5,False,-0.452674941960606
602,0.13179303612105434,54,428.2127349156807,27830.943396226416,57.47342842734395,5,False,-0.4144075846970538
603,0.10689470871191876,40,421.5534411419395,34541.53846153846,57.256042800653354,5,False,-0.4408208423975974
604,0.12924071082390953,52,369.48584151185435,28401.176470588234,61.638139392671505,5,False,-0.3947785481089219
605,0.12117714945181765,49,252.51379729014312,30327.5,58.6426645795711,5,False,-0.43779025360866514
606,0.16888465757393878,68,348.4528673533819,21634.4776119403,61.7555072060884,5,True,-0.5673387751425648
607,0.11906208237152228,49,257.7701162286794,30866.25,57.861260740051655,5,False,-0.4405894775688439
608,0.12152390982925891,50,441.9254331207253,30228.367346938776,55.2848077141983,5,False,-0.4214018647755934
609,0.10684366020478368,44,489.3332881761585,34477.67441860465,61.64151056000113,5,False,-0.42995045017838374
610,0.13660245183887915,52,396.0781237030952,26870.58823529412,67.09761114677474,5,False,-0.4819054835864508
611,0.10706898649470739,44,216.7055474978629,34405.11627906977,56.354903205147835,5,False,-0.49954622384469327
612,0.13764850471118395,56,394.09765326173647,26629.090909090908,62.078472585594234,5,False,-0.40518410232503105
613,0.10760985172363455,43,521.5740159050199,34250.71428571428,57.29301616983513,4,False,-0.5094968896875087
614,0.12749003984063745,48,395.36633640681737,28838.297872340427,63.78821303643267,5,False,-0.42507032905307907
615,0.12523079393112305,52,400.15703227153114,29310.58823529412,63.11919053402406,5,False,-0.4137857993876018
616,0.09458814744134912,38,419.86045468421565,39088.37837837838,64.477699284548,4,False,-0.5410949260159362
617,0.1337354136619903,51,288.3938405752877,27457.2,58.9700474326427,4,False,-0.476784072940897
618,0.17188188629352136,65,457.2465436179502,21271.875,58.35183224571036,5,True,-0.5886448441011369
619,0.14090520922288644,55,232.26954007777343,26022.222222222223,61.93990632427838,4,False,-0.5259043291437984
620,0.13966828781643598,56,387.1145625546206,26244.0,61.81694370874436,5,False,-0.40282660231827583
621,0.13361598252714074,52,382.905637080477,27471.176470588234,54.27856663287493,5,False,-0.44073214298363694
622,0.10752917582300357,42,429.6013791663556,34295.85365853659,55.5799579317657,5,False,-0.44016422247717485
623,0.15013762615731088,60,454.8355860121324,24384.406779661018,57.3127803453723,5,False,-0.46246594753700315
624,0.1395946856058287,57,464.4767078960841,26249.464285714286,62.336194285062014,5,False,-0.42801056076357746
625,0.12613705275924803,52,475.8158425798623,29100.0,57.65491476507526,5,False,-0.41388935082741424
626,0.12175173413396832,49,332.1429960107868,30184.375,55.573199587720985,5,False,-0.4146737200890595
627,0.10504376823676533,42,289.8172969834069,35107.31707317073,61.26358015428147,5,False,-0.4376399514081643
628,0.1471676569471169,58,427.7098580300418,24891.052631578947,56.46926852659844,5,False,-0.45968097398805685
629,0.11789297658862875,47,344.37946441703826,31200.0,60.44937536348262,3,False,-0.5382554727385074
630,0.10730774029863163,43,314.3934844293878,34347.142857142855,68.757317060794,5,False,-0.5041350021134503
631,0.11396514786757073,43,428.2889113010767,32340.714285714286,58.587266210011656,5,False,-0.3982307563027568
632,0.11979609175870859,47,358.14630105325466,30704.347826086956,58.4799402322194,5,False,-0.3960648634279721
633,0.11201526004991984,46,334.41982801341294,32852.666666666664,62.193409062056205,5,False,-0.41263802297724045
634,0.1347378735913768,55,391.8418940193557,27213.333333333332,63.40576312044184,5,False,-0.412360350352953
635,0.11178272749855096,45,375.6166561332975,32937.27272727273,66.67774407555922,4,False,-0.495940802417128
636,0.0833707957006825,34,540.329712256672,44489.09090909091,57.99848459733088,5,True,-0.6337712481202157
637,0.1456828885400314,58,441.9401789359045,25144.736842105263,57.8445100419582,5,False,-0.4353214015255767
638,0.13211941562566165,52,423.9899380909673,27782.352941176472,62.246111892863354,4,False,-0.4518284884656771
639,0.12244897959183675,50,479.0171613254744,30000.0,59.56124705469901,4,False,-0.4394817541152024
640,0.1449946633908613,60,293.78306110007674,25249.322033898305,60.42575327445641,5,False,-0.4601271599445086
641,0.0916862842274811,37,356.14298274889404,40355.0,60.28562971976348,5,False,-0.5193068841728425
642,0.09969200842924299,41,209.4495472137989,37014.0,65.5923433209622,4,True,-0.5669016657170617
643,0.10936044392239458,45,369.2986880726616,33666.818181818184,63.701585547522775,5,False,-0.418771069853972
644,0.10455849537774944,41,299.98644909848554,35291.25,58.998853431890645,4,False,-0.46836792263792343
645,0.09751299103992472,38,389.7089621056495,37915.94594594595,58.76125344155632,5,False,-0.4685211842386384
646,0.13604615851806864,56,421.1138484493417,26942.727272727272,62.617255569101225,5,False,-0.41706998779336374
647,0.1288723667905824,52,334.8808620184965,28482.352941176472,61.821772909248615,5,False,-0.39800686044433625
648,0.10861475953899069,45,517.6844195197259,33897.954545454544,59.35710497582653,5,False,-0.4316386119137235
649,0.15711235547677557,65,288.4622658151671,23271.5625,60.72585857443544,4,True,-0.595021639869279
650,0.11373001483434977,46,253.4652445822956,32357.333333333332,66.85015046130607,5,False,-0.5088988768291428
651,0.15919618973054087,61,318.70772349755435,22990.5,56.31640568576901,5,False,-0.5334117226190699
652,0.11895128661595727,49,356.681529632898,30895.0,57.28386998386537,5,False,-0.40095225967223913
653,0.14438077370149072,59,354.66380858079793,25363.96551724138,60.49204859410204,5,False,-0.4244203859651505
654,0.11617846990483252,47,468.46084016285414,31660.434782608696,59.00381325689754,5,False,-0.40123787407593753
655,0.13975542800099824,56,481.4748846358992,26227.636363636364,58.258504653566696,5,False,-0.4341447598770481
656,0.13131542543307248,53,371.64734848585897,27942.115384615383,56.890688478379495,5,False,-0.4060528283371579
657,0.16738461538461538,68,376.5221671514484,21828.358208955226,60.28708697782289,5,True,-0.5603245622286184
658,0.1612640495194657,66,390.917950705646,22667.076923076922,62.496013537544506,5,False,-0.5234032545159574
659,0.1270901647691399,52,348.80205127434346,28881.764705882353,59.13062124231048,4,False,-0.4508980107364139
660,0.10637654880628589,44,374.7851504986897,34629.06976744186,63.348723222508426,5,False,-0.42295614714539637
661,0.11226611226611227,45,441.4178931467303,32795.454545454544,64.38800265194325,5,False,-0.4283714286177671
662,0.14528138178736455,60,339.83385829993415,25199.491525423728,63.64722840679221,5,False,-0.44767768556654913
663,0.15666456096020215,62,442.20474768813676,23355.737704918032,58.806181783944346,5,False,-0.4928842907198109
664,0.14584346135148274,60,373.8602341246156,25102.372881355932,57.11646901731137,5,False,-0.4495472851579988
665,0.12057403726436731,46,274.02811697594933,30520.666666666668,65.13833256756405,3,True,-0.5863484329150667
666,0.15202381706467347,60,308.4722636436445,24081.86440677966,62.32497562582615,5,False,-0.47983162799925283
667,0.1110676895863757,45,491.2124759101929,33149.318181818184,57.17408106625701,5,False,-0.42795586024627713
668,0.12205247426104285,49,314.27807552737033,30110.0,67.87263569412318,5,False,-0.47605365641373554
669,0.11466411857514278,43,433.26461817617735,32143.571428571428,60.92028158984117,5,False,-0.40014034051973363
670,0.14838238871320847,61,485.4049723332224,24666.0,58.58686323314372,5,False,-0.46876086602304573
671,0.1191912025540972,42,475.1266800917482,30940.243902439026,59.950374742704504,5,False,-0.4187615585823824
672,0.10865538955426596,44,409.62310183491934,33902.79069767442,61.878287139881415,4,False,-0.44757986185608717
673,0.11693294626362695,48,473.8268164999442,31441.91489361702,58.84320174984592,5,False,-0.39965112782184053
674,0.10080558307844742,39,424.9986852073925,36652.10526315789,66.03900821618944,5,False,-0.4916040278744568
675,0.12157808352414338,50,300.7347630179203,30214.897959183672,62.349245582160755,5,False,-0.4184775381750612
676,0.13788780946411783,55,286.3315097029419,26591.666666666668,61.970595436380144,5,False,-0.4329899208432997
677,0.11434827565233259,47,351.5847533738215,32167.17391304348,56.34236336011109,5,False,-0.40801786399226414
678,0.13692731656906648,53,373.7340070393334,26796.923076923078,59.545847351903944,5,False,-0.4026234081003792
679,0.13159956133479556,49,360.6038408990222,27925.625,54.197986300002505,5,False,-0.4545287007032012
680,0.13941865053268448,53,415.92760677846167,26318.076923076922,59.95460296653115,5,False,-0.40467364245841003
681,0.10967326506449536,44,332.737933660717,33588.13953488372,65.34016262005544,5,False,-0.44299363530295316
682,0.09904577847566132,41,684.6617261130293,37255.5,55.7215457408168,5,True,-0.5569526151388998
683,0.10954251141067826,43,300.7954702890239,33646.42857142857,62.576514758789834,4,False,-0.45665263381360605
684,0.1084272031805313,45,343.14856213356967,33956.59090909091,60.497257441569225,5,False,-0.41038772522121547
685,0.16090104585679807,65,367.2855132410872,22723.59375,58.42098348273535,5,False,-0.5251915309350982
686,0.10947573287921177,45,388.28385214633295,33631.36363636364,54.664073954200866,5,False,-0.4396853131068224
687,0.10937816487745594,45,348.19056397337147,33661.36363636364,61.50781990636677,5,False,-0.4033405715572318
688,0.12236157846436219,50,530.738351878061,30021.428571428572,60.700357843475466,5,False,-0.42846621435717586
689,0.11760695415033237,46,457.3274719584779,31290.666666666668,55.482521119205785,5,False,-0.4256665602543206
690,0.13091807328118568,53,417.52903710571974,28026.923076923078,62.03012575040377,5,False,-0.4003856410785595
691,0.13000286169821348,53,370.7514634402219,28224.23076923077,65.04757338823508,4,False,-0.49219715387719243
692,0.12510476501972648,51,416.9827262607363,29351.4,60.43819971141643,5,False,-0.4015135827456283
693,0.13293480759985787,53,337.67638585878296,27601.73076923077,61.025854667678594,5,False,-0.3993995291189953
694,0.15532903404756954,56,418.68436107088235,23598.0,59.06054483443557,5,False,-0.46377363247376346
695,0.11592211751067986,45,315.0602031625319,31761.136363636364,59.794081447451596,4,False,-0.4484999316059775
696,0.10381718047730581,41,386.128303595396,35543.25,57.736780043925705,4,False,-0.47136307601013616
697,0.1190722288832844,48,499.91367341519043,30877.021276595744,51.84962823446017,5,False,-0.5011180817950583
698,0.14150655687709668,58,441.0809396545569,25886.842105263157,61.76875193706741,5,False,-0.41639224076659803
699,0.14500926448078627,60,346.8426635199383,25246.77966101695,62.95248080898532,5,False,-0.4392675900715354
700,0.1335282438417734,51,433.2546556799538,27499.8,59.17432109730714,5,False,-0.4095206171202136
701,0.1368602184961383,57,380.31597578207857,26773.928571428572,65.44728253334229,4,False,-0.5050935837564067
702,0.14518311938645778,59,440.08413343247213,25223.793103448275,63.71228365102709,5,False,-0.44259474132954285
703,0.12381896534282882,51,554.1321829754856,29656.2,59.41437338347372,5,False,-0.44473048850804525
704,0.12252649635483674,50,381.2194342275044,29981.020408163266,61.94396509393989,5,False,-0.39618172874208174
705,0.10983981693363845,44,305.8776227141591,33537.20930232558,54.639504993297,4,False,-0.49847546470660636
706,0.12127462101680932,49,331.45629874466334,30303.125,62.371584811473156,5,False,-0.40361783388743727
707,0.10229540918163672,41,376.8907145696845,36072.0,65.90235130302074,4,False,-0.49113449302363865
708,0.13177727057404937,51,345.41589873231663,27865.2,61.132079108808064,5,False,-0.40644388374745793
709,0.11313017040231917,40,342.961273284674,32637.69230769231,63.76200345202108,4,False,-0.4762062444138326
710,0.11351743015860236,47,343.9295371134218,32402.608695652172,65.28141352147387,4,False,-0.4775374423743053
711,0.11219512195121951,46,293.23506283307364,32800.0,61.21362497156387,4,False,-0.4652094718546592
712,0.09854498747131035,39,316.3277335037512,37492.89473684211,60.34862201010234,5,False,-0.4590956597483545
713,0.10418431306115533,41,386.7677813460008,35418.0,59.492661977297836,5,False,-0.4237114801791787
714,0.09921455146754857,40,638.4529734136383,37215.38461538462,55.69376556922003,5,False,-0.5561207111368119
715,0.12821060729090986,50,257.69272986994935,28651.836734693876,56.56573640400815,5,False,-0.44733303612684727
716,0.12389380530973451,49,386.95034268338105,29662.5,60.547515372612274,5,False,-0.3933135085304025
717,0.11570417478715767,47,292.7435795317704,31790.217391304348,63.86300633961103,5,False,-0.43611179387063553
718,0.1402688486265342,56,299.17764154364585,26131.636363636364,62.982458345982245,5,False,-0.43294452464193567
719,0.09858858226248157,39,411.2328917475629,37476.31578947369,58.333124335776475,4,False,-0.49194271523867555
720,0.12813141683778234,52,506.27323359494795,28647.058823529413,57.40227601604259,5,False,-0.4256315914839901
721,0.14100153819859854,55,273.5128430904293,26004.444444444445,62.97947026422784,5,False,-0.45734329543186053
722,0.10665538038302824,42,476.55244857037786,34576.829268292684,58.66211184703907,5,False,-0.4228635234032262
723,0.13170391945798773,52,357.31855650723975,27870.0,69.13761310293022,5,False,-0.5006417130614934
724,0.09663232227292437,39,356.92293987752686,38235.0,60.209073572612795,5,False,-0.4647927629128505
725,0.11004378825741076,40,325.5883963817732,33553.07692307692,68.00301507522514,5,False,-0.5093727039535311
726,0.15609264853977844,62,355.2151330366478,23441.311475409835,59.62717321479883,5,False,-0.48781296491952353
727,0.13679890560875513,55,384.4110576195378,26803.333333333332,62.306716766751265,5,False,-0.4036370149594884
728,0.1368471251736507,55,426.5423599152283,26793.88888888889,61.11381749664445,5,False,-0.40145853251445607
729,0.10006462507035793,40,618.7290236869482,36899.230769230766,60.53220587473633,4,False,-0.5556848928588692
730,0.14071468246620997,57,453.5000861555677,26040.535714285714,61.29341388046855,5,False,-0.4187127459265191
731,0.11940298507462686,43,326.99376838280887,30867.85714285714,57.51500913261038,4,False,-0.46541314691078645
732,0.1376823471562039,56,376.1727483967391,26622.545454545456,61.522366844230675,5,False,-0.40423368435921164
733,0.1313297133476449,52,371.8984173926139,27949.41176470588,55.07613763079536,5,False,-0.42379562008153765
734,0.08459044128013535,35,497.2552057640493,43809.705882352944,64.17044921956797,5,True,-0.6257769646613203
735,0.12397206496136204,50,521.2354712033253,29631.428571428572,60.769326203130944,4,False,-0.46132583503720265
736,0.12705530642750373,51,508.1150397227359,28900.8,59.10542382875016,5,False,-0.42191527639841314
737,0.12205458552297,48,353.6324311647626,30122.55319148936,56.11459751898826,5,False,-0.40476819452772234
738,0.1218324596481777,49,536.5205188153161,30164.375,60.10399616111134,5,False,-0.42432135974589086
739,0.12870064957403324,53,343.80610121984364,28509.80769230769,58.59538295723904,4,False,-0.4533030767527539
740,0.14459333125584295,58,272.338559094614,25334.21052631579,64.626180239625,5,False,-0.496520284568575
741,0.1075926152341362,44,387.299197023813,34237.67441860465,68.16064146337814,4,False,-0.5177962098689708
742,0.10587931479727984,41,431.6564937845517,34851.0,58.412421820841715,5,False,-0.4264831496439428
743,0.12547000985261295,52,335.9449161578245,29254.70588235294,54.84202131044387,4,False,-0.49439016328881
744,0.1218168858938638,47,393.31179112663693,30195.0,61.99195256976864,5,False,-0.4013698854988343
745,0.09952664158271635,41,241.21500471123292,37075.5,57.328344685379534,4,False,-0.5339051865312869
746,0.12269682615862947,49,446.14847440476996,29951.875,56.894381289554495,4,False,-0.4511153746594137
747,0.09642724687847695,39,425.25256876449436,38316.31578947369,64.04424462813934,5,False,-0.5003869623315222
748,0.11055034847392453,46,480.26453127460303,33288.0,62.07179115927198,5,False,-0.43397516099596495
749,0.13566165337640052,56,426.6333231968086,27019.090909090908,62.276279563203644,4,False,-0.46696389598332444
750,0.1098141294179851,45,373.0507706416845,33527.72727272727,67.936462373453,5,False,-0.48486935487994
751,0.1205525324403516,48,397.5303732095113,30497.872340425532,60.91841800744027,4,False,-0.421880118821759
752,0.11133791055854518,45,342.19686362987494,33068.86363636364,64.20988078799449,5,False,-0.4215628966285712
753,0.11090340061753029,44,541.2984254381873,33215.58139534884,60.39441010583085,5,False,-0.4467439704378266
754,0.14894093230512545,61,343.675750877688,24573.5,61.23534559839505,5,False,-0.45251738878681824
755,0.1169392424370816,46,307.03324886360184,31469.333333333332,61.77721220965287,5,False,-0.4098593099444482
756,0.13473154739182178,50,361.10349359447724,27265.102040816328,63.92843980216266,4,False,-0.47581499657478654
757,0.1381957773512476,51,346.19375503018426,26571.0,69.31073616300347,5,False,-0.5141586362132762
758,0.14711166536323478,58,455.0840647975114,24900.526315789473,62.12705811693684,5,False,-0.4502527604927218
759,0.1359415774887221,56,234.7198262769197,26963.454545454544,64.09379271029813,5,False,-0.5017032341720595
760,0.10691851917850938,40,327.27809306889753,34533.846153846156,62.52371617772134,5,False,-0.4303235345914048
761,0.14320103697302636,58,534.992195948311,25580.526315789473,57.47367644873211,5,False,-0.46889107787246026
762,0.12066488815924482,49,404.9357041509575,30456.25,59.20398008839063,5,False,-0.390597663835672
763,0.12910847643559345,51,286.789111955378,28441.2,60.46161499333875,5,False,-0.42080722443146884
764,0.12767751390199344,53,378.0426485441065,28738.26923076923,58.23235247790683,5,False,-0.40517258879120255
765,0.11583011583011582,42,514.2918736159711,31838.048780487807,47.32934288844957,5,False,-0.5420135040325419
766,0.13098434737048922,50,311.52966257699273,28045.102040816328,62.64477317341031,4,False,-0.4664149635235862
767,0.11465603190428714,46,374.2016754396676,32096.0,55.7778199109932,5,False,-0.41007832689364365
768,0.14330380406461699,55,406.5883267419355,25586.666666666668,60.962049479714075,5,False,-0.41268614135485865
769,0.10167850225952227,42,367.0282714022848,36269.26829268293,60.7089512590545,5,False,-0.42711595389584184
770,0.1386018237082067,57,363.6148266353505,26437.5,56.51232149561649,5,False,-0.43067044380576874
771,0.11712554394241327,48,421.7083351398415,31390.212765957447,62.388806279914306,5,False,-0.3989220566558991
772,0.10411832361427793,43,351.94578616750255,35399.28571428572,59.96446149720232,4,False,-0.4547229513773917
773,0.09180961584923895,38,500.9412745678392,40271.35135135135,58.87056850164119,5,False,-0.5362727927360547
774,0.1321424201639545,54,320.29431868778005,27757.35849056604,55.21922225136227,4,False,-0.5031255703855703
775,0.11462984113799189,46,293.7659096993577,32103.333333333332,56.28301758838207,5,False,-0.4276051803468117
776,0.12049402550456874,50,373.24473785171773,30486.73469387755,58.34221531181843,5,False,-0.40195910950636304
777,0.10731220364362366,43,395.28686415569285,34345.71428571428,61.473036763019984,4,False,-0.4499805063403202
778,0.11972562876740801,48,448.9968245286827,30708.510638297874,61.18498337537102,4,False,-0.4283860843780548
779,0.10113468179575728,41,486.8411360434969,36486.0,60.57025411537687,5,False,-0.45095868550026524
780,0.11143900778009369,45,469.4139492718927,33038.86363636364,56.918183357042786,4,False,-0.4728824270736881
781,0.10919248349415947,43,565.8182304603146,33754.28571428572,66.42108127269688,5,False,-0.5301051433571147
782,0.09463924118085901,37,498.3445988643221,39095.833333333336,60.635731038278124,5,False,-0.512485186808407
783,0.1581765087605451,65,515.3318911062994,23115.0,58.50751919591889,5,False,-0.5335466275530755
784,0.09928716904276985,39,290.10975718065055,37212.63157894737,62.064608247336885,4,False,-0.5045639189786871
785,0.13917077413743115,56,322.4097310853308,26337.81818181818,61.99900353755516,5,False,-0.41401234004904885
786,0.1224177505738332,48,480.8175206453303,30033.191489361703,57.190547376493186,5,False,-0.41088775216166307
787,0.14564037048866177,57,399.32329433280614,25159.821428571428,60.62841983063589,5,False,-0.4216842122501879
788,0.10426670325147483,38,480.33245262939425,35460.0,58.13491478189304,4,False,-0.5092072725928318
789,0.09423550386280669,37,343.5887683643604,39263.333333333336,63.05848142150162,5,False,-0.5009665842488888
790,0.12982419640070736,52,519.8615471089109,28273.529411764706,61.598677236793506,5,False,-0.4367390256482616
791,0.14384920634920637,58,334.36370915870634,25465.263157894737,61.02262294750239,5,False,-0.4249903509695554
792,0.13006932940671206,53,346.55855159893497,28209.80769230769,57.33233013925432,5,False,-0.40414707168132263
793,0.1294686391269166,52,472.82470456651737,28351.176470588234,56.2022923044341,4,False,-0.47879251550003765
794,0.18445988629185092,73,458.5907036158233,19787.5,63.504234761791444,5,True,-0.6406797859470575
795,0.11307767944936087,46,521.5844531529488,32544.0,54.6181745259053,5,False,-0.459252084781309
796,0.12260912211868563,50,425.7502916267128,29960.816326530614,55.93596526389761,5,False,-0.4093731507756422
797,0.12200435729847495,49,454.7828893023932,30121.875,59.97620081384825,4,False,-0.4300848133440049
798,0.14238952536824878,58,415.6096628478127,25726.315789473683,58.33279055454214,5,False,-0.4250904039629945
799,0.15090739576331824,58,436.47626348608793,24274.21052631579,62.91881109843011,5,False,-0.4556869687646886
800,0.12486737941728557,51,400.07713328340685,29407.2,59.47224054920283,5,False,-0.3962978441774396
801,0.11289513296537881,45,253.7699450315039,32612.727272727272,61.05391132237467,4,False,-0.47848452483655196
802,0.12161011796181442,50,382.5252244218077,30206.938775510203,56.26625742039661,5,False,-0.40186459236283545
803,0.11338106536208453,45,327.84197207381993,32472.954545454544,63.080604991833965,5,False,-0.4067930754439169
804,0.14063498828041765,55,425.73667394784337,26072.222222222223,59.28168777999808,5,False,-0.4050171209555585
805,0.12519177661859465,51,535.9397992598621,29331.0,64.29545044936869,5,False,-0.46100827987293896
806,0.13832713153211454,57,439.13098653161956,26490.0,59.83202842210712,5,False,-0.41950137951716826
807,0.10152284263959391,42,479.50892906941226,36324.87804878049,57.53516593454237,5,False,-0.45452334557524515
808,0.11721202818670202,42,431.19917970428776,31462.682926829268,59.525150820746525,5,False,-0.4062358528783942
809,0.10964026942608844,43,515.0082096087592,33616.42857142857,59.50942411006262,3,True,-0.5739334536821559
810,0.1386956008963321,49,475.90614172816237,26496.875,58.57410813082397,5,False,-0.4380014559034347
811,0.09770558884319087,39,322.40579593183577,37815.0,60.17927602906774,5,False,-0.4595990434906215
812,0.12079776859677453,48,367.0448257402367,30435.957446808512,64.46896205072869,5,False,-0.41692962804955996
813,0.13606544099781323,56,416.8083971823163,26938.909090909092,59.65574645313187,5,False,-0.4153378698175184
814,0.12195948234975268,45,277.8967596430496,30188.863636363636,62.537355630281,5,False,-0.44031597820563273
815,0.12732227931845133,51,437.32115486891615,28840.2,60.83621989607045,5,False,-0.39815591334059436
816,0.17052721330112264,70,282.35534125466614,21416.956521739132,56.31281323942714,5,True,-0.6380078655080139
817,0.10075132935781793,39,439.5569760177262,36671.84210526316,58.159150456560766,5,False,-0.45931567704984627
818,0.10721029868626773,44,386.6569197366235,34359.767441860466,56.80589176500745,5,False,-0.421354003020531
819,0.12017545616600236,50,446.55764378379746,30567.551020408162,59.903268846178484,4,False,-0.43381891302535736
820,0.12022818819391907,49,377.74929889470906,30566.875,60.15615792996056,5,False,-0.39333379189437756
821,0.1318319143092557,52,323.74662320731,27842.941176470587,52.27831435479497,5,False,-0.4855480397937521
822,0.12792919641959166,53,564.4522269218968,28681.73076923077,56.41251710192185,5,False,-0.4808952184143111
823,0.11167176772272315,45,331.65772910467945,32970.0,58.275923522123286,4,False,-0.45099230704829596
824,0.13290671917302485,54,382.16403229259737,27597.735849056604,59.70180936443334,5,False,-0.4015164002929745
825,0.1435290301654233,59,282.3048493209766,25514.48275862069,69.98683163127187,5,False,-0.5475953914308505
826,0.14402538752593677,59,489.76775276227255,25426.55172413793,59.746829006706356,5,False,-0.46053554819478143
827,0.09905774341628414,41,372.0638098596539,37251.0,55.43436748593576,5,False,-0.4710766713354736
828,0.15704879146047196,64,469.65780063814583,23286.666666666668,63.10712990812272,5,False,-0.520180456749536
829,0.07645422303395842,30,426.7242441014727,48710.68965517241,63.56198878105773,3,True,-0.7205673261846648
830,0.1145317196003574,47,390.71445427036315,32115.652173913044,63.805486883786614,4,False,-0.4545139752056807
831,0.14577849767159345,60,340.7825168325247,25113.5593220339,61.54698965946303,5,False,-0.4422444758691026
832,0.14279559303255984,58,359.1852496183289,25653.157894736843,62.60067641318671,5,False,-0.41891709925692017
833,0.148677390711793,60,508.21150285693653,24623.898305084746,59.167084329273976,5,False,-0.4724551529488352
834,0.12192891544229714,50,404.6599529445432,30127.95918367347,54.555836704868156,4,False,-0.4860115567371254
835,0.12627591286962012,50,385.62675233061697,29090.816326530614,56.693924890875515,5,False,-0.3999655522671702
836,0.13570000605803598,56,372.6930200029005,27011.454545454544,63.62057009271168,5,False,-0.419179235008877
837,0.12558225432458497,51,320.47611647803143,29239.8,61.90669808168841,5,False,-0.40626882614038456
838,0.12,48,360.56062766938425,30638.297872340427,67.66209944424534,5,False,-0.47114229500113
839,0.12229617304492511,49,505.1512966181911,30050.0,58.92022743284084,5,False,-0.4076199768733404
840,0.13642454017621503,56,459.4373370363474,26868.0,63.06147164448726,5,False,-0.430282520444775
841,0.10072678882178318,41,352.4655911886215,36633.75,51.56059270461407,4,True,-0.5621815338006395
842,0.11960381237151935,48,341.14970066158315,30739.787234042553,62.164361435600505,5,False,-0.4001917419465946
843,0.11751224085842275,47,355.13242823455016,31301.08695652174,59.54520294386041,4,False,-0.4295236104578033
844,0.12627325532452227,50,325.8684727581025,29091.428571428572,58.92838169032839,4,False,-0.4438805580321221
845,0.12803883007657224,51,421.31943276251843,28678.8,58.56747256417437,5,False,-0.3962141418200789
846,0.13548215708846187,51,328.79290073575004,27103.2,62.87899248487569,5,False,-0.42051725255068606
847,0.12390806021931727,50,421.5487786074122,29646.73469387755,63.89750185197629,5,False,-0.4101571254852319
848,0.12108482115277691,49,306.41498925901595,30350.625,63.242111569623596,4,False,-0.45714495073240985
849,0.16918330234363826,69,413.72522567007417,21591.617647058825,61.59039635505764,5,True,-0.5787245434841525
850,0.15556835953576428,63,399.8714537993398,23514.1935483871,64.29766895622511,5,False,-0.5059624495670848
851,0.09946331254273813,40,500.92595367203535,37122.307692307695,63.71542893979123,5,False,-0.496276317635269
852,0.14141167865415094,58,519.8125697276541,25904.21052631579,62.967220350912854,4,False,-0.5295835450985313
853,0.13481431236221808,53,485.57728916643293,27216.923076923078,57.6560065544872,5,False,-0.43469060959460937
854,0.12394389473031873,50,390.76243765489977,29638.163265306124,58.8894491936618,5,False,-0.3907595883744571
855,0.14705581993831826,60,288.0787781690646,24895.42372881356,59.782209227218985,5,False,-0.46581042273767287
856,0.1252688059794977,50,351.015332693519,29324.69387755102,56.59352611923248,4,False,-0.45916299400519006
857,0.10710727333111923,43,425.38900910186146,34411.42857142857,65.49450226025402,5,False,-0.4475382833765302
858,0.12270706817754962,49,508.14289439155056,29949.375,58.38925271848148,5,False,-0.4120537855473897
859,0.14485437745539143,55,286.5722618885782,25312.777777777777,59.453787955190855,5,False,-0.44785964302707976
860,0.09117386349246549,36,340.9237232270564,40613.142857142855,63.72843414911209,5,False,-0.5489737699472158
861,0.13347354796958422,55,422.91822488875744,27471.11111111111,52.55650386824601,5,False,-0.48960984892950843
862,0.11824432877064457,46,561.1073027134612,31122.0,56.42305288312354,4,False,-0.5078153080077912
863,0.12056181807221653,50,305.4406167984292,30469.591836734693,61.93382088549903,5,False,-0.41492184590048536
864,0.14801334546557476,61,423.19431986493936,24727.5,60.46694723072993,5,False,-0.4463586442701621
865,0.13880261325907678,54,297.0900104888045,26425.471698113208,62.14948072332998,5,False,-0.43137815540827057
866,0.11994130531867384,47,316.23082126833197,30667.17391304348,58.75585767473532,4,False,-0.4362239699431228
867,0.12200329408894041,50,480.42460365129966,30109.591836734693,63.93689750473883,4,False,-0.4699969869933451
868,0.1334541560260318,54,380.77796121289043,27484.528301886792,64.03621867922158,4,False,-0.47277986639954456
869,0.14757727309994262,60,371.89366658836485,24807.457627118645,62.7093098754614,5,False,-0.4456346719534587
870,0.14131249330906756,55,333.7119621747322,25947.222222222223,63.072242985046,5,False,-0.4171642794566168
871,0.1377754501873263,57,263.42580747587107,26596.071428571428,57.83094236070663,5,False,-0.46648229786513756
872,0.11922866354401118,49,299.38273950447797,30823.125,66.59858429318365,5,False,-0.46984949656705216
873,0.11987278806164886,49,457.4866601198387,30657.5,59.355354865611844,4,False,-0.4308779679023409
874,0.13800313643491896,55,532.2574212170334,26569.444444444445,58.727373492181435,4,False,-0.5039025951731029
875,0.1182321478840199,42,434.11647708115345,31191.219512195123,63.661846648328236,4,False,-0.4726914314481553
876,0.10390238008940436,43,319.83138036189445,35472.857142857145,63.08651548529783,5,False,-0.4260072750637259
877,0.14044767697034297,56,350.21658154095184,26098.363636363636,65.14218841033109,5,False,-0.4495215809847885
878,0.13519880369543397,55,319.405366898474,27120.555555555555,56.78488180467221,5,False,-0.42468966763008703
879,0.1036519223815837,43,448.05695796695574,35558.57142857143,58.986928893740924,5,False,-0.42417077117587687
880,0.11983522656347521,48,361.135040179374,30680.425531914894,59.77922935998254,4,False,-0.42191826268454147
881,0.15118032177451,61,419.438691636669,24209.5,63.598650315158416,5,False,-0.4636993803123982
882,0.11151238674523221,44,333.36070579687697,33034.186046511626,66.42762467872093,5,False,-0.4621095914990495
883,0.12866775264449348,52,268.16300140319646,28527.647058823528,63.87894739072095,5,False,-0.4464093539155013
884,0.13134957635707625,54,454.5006720853787,27924.905660377357,57.68809255811259,4,False,-0.4624136999297869
885,0.11233439833940455,46,462.5960988672448,32759.333333333332,62.59603000425691,5,False,-0.4309011810640106
886,0.14363842740687235,58,367.5045209080205,25502.63157894737,61.947780323722036,5,False,-0.4190678356974045
887,0.1247977813727756,45,443.7290877604771,29502.272727272728,59.273690573604036,5,False,-0.4164812739328409
888,0.13583880461851935,50,328.11161786036587,27042.85714285714,58.91314245889569,5,False,-0.4140556671025366
889,0.12925572357860945,51,343.27295756818984,28408.8,62.60900071973952,5,False,-0.4107961433229812
890,0.10262032671856156,39,367.4730048666694,36003.94736842105,61.4004644075333,5,False,-0.4382998475410733
891,0.1473085500337582,60,220.19369070661838,24852.71186440678,62.39652432501858,5,False,-0.5244381840866462
892,0.14229153686918425,59,486.73998077632507,25736.379310344826,62.52143000232959,5,False,-0.4659733422064395
893,0.12070663676942098,48,344.1668156929613,30458.936170212764,59.2003001287842,4,False,-0.42827069230414294
894,0.1046051792320449,41,297.8377594560591,35275.5,64.4416892409682,5,False,-0.45467277890774105
895,0.1019476244079604,40,319.1368521986582,36217.692307692305,54.213834054723584,5,False,-0.4823117865101445
896,0.12924202397886608,53,521.150580815908,28390.384615384617,58.6425999213651,5,False,-0.4339569188548583
897,0.11788784281620958,48,428.58619047209635,31187.23404255319,58.450806567531714,5,False,-0.3907188397079002
898,0.16194331983805668,65,372.6863273242228,22577.34375,59.061742256483086,5,False,-0.5219735453288185
899,0.15638251660012825,63,418.95608229209273,23391.774193548386,63.473473677987535,4,True,-0.5787777271483733
900,0.13068763477162337,50,402.34820592933715,28108.775510204083,59.94858057272544,5,False,-0.40533020545592746
901,0.13087248322147652,52,392.6898653116108,28047.058823529413,61.24919035364219,5,False,-0.39913215838170973
902,0.12968206280934574,50,361.33808155546086,28326.73469387755,62.73982826526261,5,False,-0.411600558444586
903,0.12450411962160512,51,389.8375345707798,29493.0,58.90411049320394,5,False,-0.39421912300692746
904,0.1184236496414395,45,422.48171496449487,31090.227272727272,58.80134722586083,5,False,-0.39592524530623213
905,0.12590758383346623,50,473.4002786479314,29175.918367346938,62.140961729889625,5,False,-0.4110943377607503
906,0.11034820990681707,45,439.2077664988062,33365.454545454544,65.03496131372289,5,False,-0.43588181192750863
907,0.11892963330029732,47,281.70585984996814,30928.043478260868,56.04353383806499,5,False,-0.443561589158399
908,0.11286266331350059,46,317.839462402558,32606.0,58.62694609529299,4,False,-0.45019813409591475
909,0.12781954887218044,51,354.24392536712827,28728.0,61.2946484585722,4,False,-0.44114172258990897
910,0.12621004958251947,49,457.45808650986254,29118.125,55.727737123275986,5,False,-0.41912975985848716
911,0.13889175950230453,56,436.5059943174192,26390.727272727272,56.96906573436284,5,False,-0.42303352820485896
912,0.13316829570190789,52,402.7663013236241,27563.529411764706,55.52803991492296,5,False,-0.42112747975551706
913,0.13479290907605587,55,451.6124379517012,27202.222222222223,60.90964156227125,4,False,-0.46259941968562523
914,0.12725085139792403,52,477.68822783190103,28845.29411764706,62.947926714528954,5,False,-0.4304653625836095
915,0.139977489000307,57,492.62016921635706,26177.678571428572,58.78131428875421,5,False,-0.44383680987687674
916,0.13911770089694306,57,403.42685669339386,26339.464285714286,59.243435247431776,5,False,-0.41038728103653815
917,0.14011846379211515,55,433.57012217375325,26168.333333333332,59.50947344016496,5,False,-0.40753609966439247
918,0.10143075083494826,41,243.784446030459,36379.5,59.54045409486605,4,False,-0.5056779979122882
919,0.12815411998743587,51,406.81975456507814,28653.0,56.39471470209648,5,False,-0.4044271556751454
920,0.12502553626149132,51,426.9799560865806,29370.0,62.35029659766368,5,False,-0.40589062978460516
921,0.12908463568094175,53,333.00924959882536,28425.0,57.10322475934666,5,False,-0.4067550730117304
922,0.10905565877696098,45,418.00551814165254,33760.90909090909,58.270769105824705,5,False,-0.40787858216479905
923,0.1558891454965358,63,367.11226974948204,23465.8064516129,61.691920408293946,5,False,-0.4881866043427879
924,0.13780783463059842,54,237.67881092061674,26616.22641509434,55.48607164377479,5,False,-0.4962435466880341
925,0.1585302920838064,64,365.91642208077076,23069.04761904762,61.05977967660033,5,False,-0.49760338119237135
926,0.13154566152289401,52,318.28651494323685,27903.529411764706,51.29267003535325,5,False,-0.4914406965123726
927,0.0819780510379479,31,252.46054823491096,45378.0,65.75882071423453,4,True,-0.6760957007826635
928,0.12365385003939951,51,236.44004286906923,29695.8,67.23562036512911,5,False,-0.5324050934589196
929,0.150021172342871,62,333.74037533148277,24390.0,62.946375059325625,4,False,-0.5482756998222301
930,0.13544018058690746,56,512.7476086169221,27063.272727272728,59.406845091448204,5,False,-0.4462685531671478
931,0.11951673667345084,46,517.1546536974892,30790.666666666668,63.59341965151064,5,False,-0.44917181545515306
932,0.12143956484155932,48,360.9034900158798,30275.106382978724,55.85353549544098,5,False,-0.40684899528868496
933,0.11577689975190665,42,391.1705599917699,31852.682926829268,58.9994190214852,5,False,-0.40557177464385896
934,0.13075182298214735,52,319.2958999363743,28072.941176470587,57.526568638309186,5,False,-0.40807254729825826
935,0.1264828669449841,51,267.0437909954525,29031.6,60.973286234671555,5,False,-0.4325113362620291
936,0.14899853444064484,61,435.27691956496227,24564.0,62.566323857496194,5,False,-0.44700781134117074
937,0.13560457037626084,54,420.9321747054361,27048.67924528302,59.14872516919287,5,False,-0.40527948388710644
938,0.12449450572717072,49,375.18598266160683,29519.375,59.16699387606253,5,False,-0.3931242327357214
939,0.11226611226611227,45,366.2274222993024,32795.454545454544,63.87341358874338,3,False,-0.5447459132292297
940,0.16417941863646887,65,409.7198801730898,22269.84375,60.67860226459233,5,False,-0.5302446987637436
941,0.11701482187743781,45,407.3768229594549,31464.545454545456,57.428678650534636,5,False,-0.40111837095863917
942,0.12208355941399891,45,354.8065467093962,30158.18181818182,56.69368782543431,3,True,-0.5590839486559945
943,0.12309920347574221,51,299.328771983157,29829.6,62.69334563615356,5,False,-0.42025276651189597
944,0.15923698942566866,64,299.97827044732287,22966.666666666668,56.95902669206989,5,False,-0.5344341895978617
945,0.12359952073655225,49,367.4127042063181,29733.125,61.40774125687742,5,False,-0.39216181709735143
946,0.13580919646225426,54,455.0809550050617,27007.924528301886,62.2690139669711,5,False,-0.4168549786237435
947,0.1415579958819492,55,562.4170178092612,25902.222222222223,61.37891547680712,5,False,-0.4706645100776675
948,0.14707384332550302,60,459.42778153542827,24892.372881355932,59.04185888383784,4,False,-0.5265100383566591
949,0.1308148676128383,52,471.9396957295036,28059.41176470588,57.929113598449774,5,False,-0.4211039951596851
950,0.15127053984121017,57,330.1866261914689,24223.39285714286,60.62201711146709,5,False,-0.4589374849792808
951,0.09515676467000121,39,329.13984010368483,38827.89473684211,59.49919958566453,4,False,-0.4986836633879474
952,0.13406434260887554,54,358.45608805245735,27359.43396226415,64.58162619772996,5,False,-0.4268736117952663
953,0.11333494092114782,47,395.95419364271584,32454.782608695652,60.865581758554335,5,False,-0.40418340217894266
954,0.15225575639078978,61,440.2271557412867,24038.5,62.8507559773238,5,False,-0.4583343422209921
955,0.11727100596534805,48,346.70178709183165,31351.27659574468,67.97952732278196,4,False,-0.4952504090675111
956,0.1441095232376606,60,398.551791994007,25404.406779661018,65.98414763340972,5,False,-0.4720766556512078
957,0.10541584097734376,43,345.08915377430037,34963.57142857143,57.90597505231423,5,False,-0.4217392431821689
958,0.12190166598943518,50,436.10354230066946,30134.69387755102,57.78744148834178,5,False,-0.3995033760822157
959,0.16025039123630672,64,322.43208202981504,22821.428571428572,61.292168877530834,5,False,-0.523720966568916
960,0.11031255223132208,44,444.3459913469743,33393.48837209302,61.07661278406882,5,False,-0.4118678209407323
961,0.09951899154088571,40,254.86666429676762,37101.53846153846,64.29501385135544,5,False,-0.5141828440376934
962,0.13737121448641898,55,379.5862116561797,26691.666666666668,64.57725936070581,5,False,-0.4299679830187664
963,0.1498761616460975,59,352.82094143528013,24433.96551724138,57.56080510082821,5,False,-0.4588616500682176
964,0.10806406655374257,42,441.0979843983553,34126.09756097561,63.31747957192635,4,False,-0.47889150153635984
965,0.14035695719979205,54,385.2138271628246,26132.830188679247,58.15348784636757,4,False,-0.4708439541960686
966,0.09731752963194011,39,403.9164822070364,37965.78947368421,55.621928781219,5,False,-0.4896930721299098
967,0.11417962404270132,41,473.0013588262995,32317.5,64.11402504468066,5,False,-0.4508015949915096
968,0.1098766939323648,45,347.43490829059004,33508.63636363636,65.22294377114882,5,False,-0.4344575279845394
969,0.1269091714011658,43,397.54590922685753,29042.14285714286,63.90041938601558,5,False,-0.4387156194648626
970,0.1249229854044063,49,427.91031709401915,29418.125,65.04097330093532,5,False,-0.4309665408655251
971,0.12408487405385284,50,407.05902355720303,29604.48979591837,64.84300376612661,5,False,-0.418997109303011
972,0.09066035039000285,37,306.91765586003623,40811.666666666664,65.09832406133846,5,True,-0.5715562676781063
973,0.1713726130243186,70,373.31730930702173,21311.304347826088,59.955811643227264,5,True,-0.6092500773875212
974,0.11442251120894281,47,440.7591148762634,32146.304347826088,60.41031850871552,4,False,-0.45289469748965333
975,0.12410772225827385,51,449.95808912855176,29587.2,55.68073914337831,5,False,-0.4131946107841319
976,0.12643864483708867,52,337.67651482974674,29030.58823529412,60.28859061917349,5,False,-0.40826434904140557
977,0.12448132780082988,49,570.6512635815504,29522.5,60.79741409760571,4,False,-0.49419896871711694
978,0.10877626699629171,44,363.54815214199783,33865.11627906977,58.266877582484796,5,False,-0.40654122078771043
979,0.10415343579321733,41,362.29272050914636,35428.5,64.47412990917057,5,False,-0.4398999721963056
980,0.10456071747354104,41,296.23269560637146,35290.5,60.435386276328515,5,False,-0.44093630125112115
981,0.14254859611231102,55,525.2698098881792,25722.222222222223,57.975332815808265,5,False,-0.4551127891643596
982,0.14028298464143185,58,416.4672774345399,26112.63157894737,61.51625950331746,5,False,-0.4138495107380236
983,0.13081036610448374,53,486.06014326915687,28050.0,58.47475946689427,5,False,-0.4310383346488587
984,0.16502801781645765,67,357.10358124722023,22145.0,55.39284334055298,5,False,-0.5566722085313135
985,0.12645411905696635,51,466.14131518558776,29038.2,58.10603392056855,5,False,-0.40779705421587353
986,0.12304086714515892,49,260.70283543368805,29868.125,60.497944710098146,4,False,-0.46265209703663396
987,0.1191368655657988,49,587.6674899383972,30846.875,58.53835813772503,5,False,-0.46790266922475937
988,0.16360089770748998,65,355.8393862090003,22348.59375,60.51429720265288,5,False,-0.5210588703293315
989,0.10195412064570944,40,481.48427779691804,36215.38461538462,62.2817984749771,5,False,-0.4513920060659085
990,0.11502692119432206,47,488.09066390384663,31977.391304347828,61.31480949510707,5,False,-0.41764053644827825
991,0.1234730066990674,47,313.52110341697727,29790.0,58.935577932675415,4,False,-0.4408434689055736
992,0.1308641975308642,53,382.2367203753416,28038.46153846154,56.15329859559788,5,False,-0.4087509347885148
993,0.14950059069917304,58,359.4116938477965,24502.63157894737,60.425275666773736,5,False,-0.4425576764858232
994,0.13198248693923306,52,410.55691795765654,27811.176470588234,55.73249812702376,5,False,-0.4107613284069956
995,0.1054481546572935,41,426.3336817617918,34993.5,56.584137178361495,4,False,-0.4815010409645887
996,0.12435991221653254,51,380.7793058300873,29527.2,55.230150568539514,5,False,-0.4177626363397546
997,0.11767349690494187,48,351.04493467686774,31244.042553191488,53.44517182290945,4,False,-0.5183313807784315
998,0.13108807222210772,53,418.017194466394,27990.576923076922,61.524836305395375,5,False,-0.3978802418162979
999,0.12547411583803178,51,291.4501065961554,29265.0,52.235473122202905,5,False,-0.5050422879499206
1000,0.12734990903577925,49,360.57283531024825,28857.5,59.13640945063175,4,False,-0.44146785319094023
